Workbook

Sheet Live Leaderboard
A1: CYDER CUP • LIVE LEADERBOARD
A3: Winning total | B3: =$B$4/2+0.5 -> 15.5
A4: Total points | B4: =SUM($C$15:$C$22)+SUMIFS($C$28:$C$55,$B$28:$B$55,"<>MATCH SUBTOTAL") -> 30
A6: TEAM NAVY | G6: CUP STATUS | I6: TEAM RED
A7: =SUM($H$15:$H$22)+SUMIFS($L$28:$L$55,$B$28:$B$55,"<>MATCH SUBTOTAL") -> 0 | G7: =IF(A7>=$B$3,"TEAM NAVY WINS",IF(I7>$B$3,"TEAM RED WINS",IF(A7>I7,"TEAM NAVY LEADS",IF(I7>A7,"TEAM RED LEADS","MATCH TIED")))) -> MATCH TIED | I7: =SUM($G$15:$G$22)+SUMIFS($K$28:$K$55,$B$28:$B$55,"<>MATCH SUBTOTAL") -> 0
G9: ="Points remaining: "&TEXT(MAX(0,$B$4-A7-I7),"0.0") -> Points remaining: 30.0
A10: ="Need "&TEXT(MAX(0,$B$3-A7),"0.0")&" more points to win" -> Need 15.5 more points to win | I10: ="Need "&TEXT(MAX(0,$B$3-I7),"0.0")&" more points to win" -> Need 15.5 more points to win
A13: ALL-TEAM EVENTS
A14: Event | B14: Segment | C14: Points | D14: Winner | E14: Result / Notes | F14: Status | G14: Red Pts | H14: Navy Pts | I14: Website Key
A15: Scramble | B15: Front 9 | C15: 1 | F15: =IF(D15="","Not Started","Final") -> Not Started | G15: =IF(D15="Red",C15,IF(D15="Tied",C15/2,0)) -> 0 | H15: =IF(D15="Navy",C15,IF(D15="Tied",C15/2,0)) -> 0 | I15: scramble-front-9
A16: Scramble | B16: Back 9 | C16: 1 | F16: =IF(D16="","Not Started","Final") -> Not Started | G16: =IF(D16="Red",C16,IF(D16="Tied",C16/2,0)) -> 0 | H16: =IF(D16="Navy",C16,IF(D16="Tied",C16/2,0)) -> 0 | I16: scramble-back-9
A17: Scramble | B17: Overall | C17: 1 | F17: =IF(D17="","Not Started","Final") -> Not Started | G17: =IF(D17="Red",C17,IF(D17="Tied",C17/2,0)) -> 0 | H17: =IF(D17="Navy",C17,IF(D17="Tied",C17/2,0)) -> 0 | I17: scramble-overall
A18: Drinking Games #1 | B18: Single event | C18: 1 | F18: =IF(D18="","Not Started","Final") -> Not Started | G18: =IF(D18="Red",C18,IF(D18="Tied",C18/2,0)) -> 0 | H18: =IF(D18="Navy",C18,IF(D18="Tied",C18/2,0)) -> 0 | I18: drinking-1
A19: Drinking Games #2 | B19: Single event | C19: 1 | F19: =IF(D19="","Not Started","Final") -> Not Started | G19: =IF(D19="Red",C19,IF(D19="Tied",C19/2,0)) -> 0 | H19: =IF(D19="Navy",C19,IF(D19="Tied",C19/2,0)) -> 0 | I19: drinking-2
A20: Drinking Games #3 | B20: Single event | C20: 1 | F20: =IF(D20="","Not Started","Final") -> Not Started | G20: =IF(D20="Red",C20,IF(D20="Tied",C20/2,0)) -> 0 | H20: =IF(D20="Navy",C20,IF(D20="Tied",C20/2,0)) -> 0 | I20: drinking-3
A21: Drinking Games #4 | B21: Single event | C21: 1 | F21: =IF(D21="","Not Started","Final") -> Not Started | G21: =IF(D21="Red",C21,IF(D21="Tied",C21/2,0)) -> 0 | H21: =IF(D21="Navy",C21,IF(D21="Tied",C21/2,0)) -> 0 | I21: drinking-4
A22: Drinking Games #5 | B22: Single event | C22: 1 | F22: =IF(D22="","Not Started","Final") -> Not Started | G22: =IF(D22="Red",C22,IF(D22="Tied",C22/2,0)) -> 0 | H22: =IF(D22="Navy",C22,IF(D22="Tied",C22/2,0)) -> 0 | I22: drinking-5
A25: SELECT-PLAYER EVENTS
A26: Event | B26: Segment | C26: Points | D26: Red Player 1 | E26: Red Player 2 | F26: Navy Player 1 | G26: Navy Player 2 | H26: Winner | I26: Result / Notes | J26: Status | K26: Red Pts | L26: Navy Pts | M26: Website Key
A27: Fourball #1 | B27: MATCH SUBTOTAL | C27: 3 | D27: Kevin Catliff | E27: Sam Griffiths | F27: JJ Meakings | G27: Eric Bleim | J27: =IF(COUNTA(H28:H30)=0,"Not Started",IF(COUNTA(H28:H30)<3,"In Progress","Final")) -> Not Started | K27: =SUM(K28:K30) -> 0 | L27: =SUM(L28:L30) -> 0 | M27: fourball-1
B28: Front 9 | C28: 1 | D28: =IF(D27="","",D27) -> Kevin Catliff | E28: =IF(E27="","",E27) -> Sam Griffiths | F28: =IF(F27="","",F27) -> JJ Meakings | G28: =IF(G27="","",G27) -> Eric Bleim | J28: =IF(H28="","Not Started","Final") -> Not Started | K28: =IF(H28="Red",C28,IF(H28="Tied",C28/2,0)) -> 0 | L28: =IF(H28="Navy",C28,IF(H28="Tied",C28/2,0)) -> 0 | M28: fourball-1-front-9
B29: Back 9 | C29: 1 | D29: =IF(D27="","",D27) -> Kevin Catliff | E29: =IF(E27="","",E27) -> Sam Griffiths | F29: =IF(F27="","",F27) -> JJ Meakings | G29: =IF(G27="","",G27) -> Eric Bleim | J29: =IF(H29="","Not Started","Final") -> Not Started | K29: =IF(H29="Red",C29,IF(H29="Tied",C29/2,0)) -> 0 | L29: =IF(H29="Navy",C29,IF(H29="Tied",C29/2,0)) -> 0 | M29: fourball-1-back-9
B30: Overall | C30: 1 | D30: =IF(D27="","",D27) -> Kevin Catliff | E30: =IF(E27="","",E27) -> Sam Griffiths | F30: =IF(F27="","",F27) -> JJ Meakings | G30: =IF(G27="","",G27) -> Eric Bleim | J30: =IF(H30="","Not Started","Final") -> Not Started | K30: =IF(H30="Red",C30,IF(H30="Tied",C30/2,0)) -> 0 | L30: =IF(H30="Navy",C30,IF(H30="Tied",C30/2,0)) -> 0 | M30: fourball-1-overall
A32: Fourball #2 | B32: MATCH SUBTOTAL | C32: 3 | D32: Sean Bromley | E32: Dylan Bradley | F32: Steve Wells | G32: George Collister | J32: =IF(COUNTA(H33:H35)=0,"Not Started",IF(COUNTA(H33:H35)<3,"In Progress","Final")) -> Not Started | K32: =SUM(K33:K35) -> 0 | L32: =SUM(L33:L35) -> 0 | M32: fourball-2
B33: Front 9 | C33: 1 | D33: =IF(D32="","",D32) -> Sean Bromley | E33: =IF(E32="","",E32) -> Dylan Bradley | F33: =IF(F32="","",F32) -> Steve Wells | G33: =IF(G32="","",G32) -> George Collister | J33: =IF(H33="","Not Started","Final") -> Not Started | K33: =IF(H33="Red",C33,IF(H33="Tied",C33/2,0)) -> 0 | L33: =IF(H33="Navy",C33,IF(H33="Tied",C33/2,0)) -> 0 | M33: fourball-2-front-9
B34: Back 9 | C34: 1 | D34: =IF(D32="","",D32) -> Sean Bromley | E34: =IF(E32="","",E32) -> Dylan Bradley | F34: =IF(F32="","",F32) -> Steve Wells | G34: =IF(G32="","",G32) -> George Collister | J34: =IF(H34="","Not Started","Final") -> Not Started | K34: =IF(H34="Red",C34,IF(H34="Tied",C34/2,0)) -> 0 | L34: =IF(H34="Navy",C34,IF(H34="Tied",C34/2,0)) -> 0 | M34: fourball-2-back-9
B35: Overall | C35: 1 | D35: =IF(D32="","",D32) -> Sean Bromley | E35: =IF(E32="","",E32) -> Dylan Bradley | F35: =IF(F32="","",F32) -> Steve Wells | G35: =IF(G32="","",G32) -> George Collister | J35: =IF(H35="","Not Started","Final") -> Not Started | K35: =IF(H35="Red",C35,IF(H35="Tied",C35/2,0)) -> 0 | L35: =IF(H35="Navy",C35,IF(H35="Tied",C35/2,0)) -> 0 | M35: fourball-2-overall
A37: Singles #1 | B37: MATCH SUBTOTAL | C37: 6 | D37: Sam Griffiths | F37: JJ Meakings | J37: =IF(COUNTA(H38:H40)=0,"Not Started",IF(COUNTA(H38:H40)<3,"In Progress","Final")) -> Not Started | K37: =SUM(K38:K40) -> 0 | L37: =SUM(L38:L40) -> 0 | M37: singles-1
B38: Front 9 | C38: 1 | D38: =IF(D37="","",D37) -> Sam Griffiths | F38: =IF(F37="","",F37) -> JJ Meakings | J38: =IF(H38="","Not Started","Final") -> Not Started | K38: =IF(H38="Red",C38,IF(H38="Tied",C38/2,0)) -> 0 | L38: =IF(H38="Navy",C38,IF(H38="Tied",C38/2,0)) -> 0 | M38: singles-1-front-9
B39: Back 9 | C39: 1 | D39: =IF(D37="","",D37) -> Sam Griffiths | F39: =IF(F37="","",F37) -> JJ Meakings | J39: =IF(H39="","Not Started","Final") -> Not Started | K39: =IF(H39="Red",C39,IF(H39="Tied",C39/2,0)) -> 0 | L39: =IF(H39="Navy",C39,IF(H39="Tied",C39/2,0)) -> 0 | M39: singles-1-back-9
B40: Overall | C40: 2 | D40: =IF(D37="","",D37) -> Sam Griffiths | F40: =IF(F37="","",F37) -> JJ Meakings | J40: =IF(H40="","Not Started","Final") -> Not Started | K40: =IF(H40="Red",C40,IF(H40="Tied",C40/2,0)) -> 0 | L40: =IF(H40="Navy",C40,IF(H40="Tied",C40/2,0)) -> 0 | M40: singles-1-overall
A42: Singles #2 | B42: MATCH SUBTOTAL | C42: 6 | D42: Kevin Catliff | F42: Steve Wells | J42: =IF(COUNTA(H43:H45)=0,"Not Started",IF(COUNTA(H43:H45)<3,"In Progress","Final")) -> Not Started | K42: =SUM(K43:K45) -> 0 | L42: =SUM(L43:L45) -> 0 | M42: singles-2
B43: Front 9 | C43: 1 | D43: =IF(D42="","",D42) -> Kevin Catliff | F43: =IF(F42="","",F42) -> Steve Wells | J43: =IF(H43="","Not Started","Final") -> Not Started | K43: =IF(H43="Red",C43,IF(H43="Tied",C43/2,0)) -> 0 | L43: =IF(H43="Navy",C43,IF(H43="Tied",C43/2,0)) -> 0 | M43: singles-2-front-9
B44: Back 9 | C44: 1 | D44: =IF(D42="","",D42) -> Kevin Catliff | F44: =IF(F42="","",F42) -> Steve Wells | J44: =IF(H44="","Not Started","Final") -> Not Started | K44: =IF(H44="Red",C44,IF(H44="Tied",C44/2,0)) -> 0 | L44: =IF(H44="Navy",C44,IF(H44="Tied",C44/2,0)) -> 0 | M44: singles-2-back-9
B45: Overall | C45: 2 | D45: =IF(D42="","",D42) -> Kevin Catliff | F45: =IF(F42="","",F42) -> Steve Wells | J45: =IF(H45="","Not Started","Final") -> Not Started | K45: =IF(H45="Red",C45,IF(H45="Tied",C45/2,0)) -> 0 | L45: =IF(H45="Navy",C45,IF(H45="Tied",C45/2,0)) -> 0 | M45: singles-2-overall
A47: Singles #3 | B47: MATCH SUBTOTAL | C47: 6 | D47: Sean Bromley | F47: George Collister | J47: =IF(COUNTA(H48:H50)=0,"Not Started",IF(COUNTA(H48:H50)<3,"In Progress","Final")) -> Not Started | K47: =SUM(K48:K50) -> 0 | L47: =SUM(L48:L50) -> 0 | M47: singles-3
B48: Front 9 | C48: 1 | D48: =IF(D47="","",D47) -> Sean Bromley | F48: =IF(F47="","",F47) -> George Collister | J48: =IF(H48="","Not Started","Final") -> Not Started | K48: =IF(H48="Red",C48,IF(H48="Tied",C48/2,0)) -> 0 | L48: =IF(H48="Navy",C48,IF(H48="Tied",C48/2,0)) -> 0 | M48: singles-3-front-9
B49: Back 9 | C49: 1 | D49: =IF(D47="","",D47) -> Sean Bromley | F49: =IF(F47="","",F47) -> George Collister | J49: =IF(H49="","Not Started","Final") -> Not Started | K49: =IF(H49="Red",C49,IF(H49="Tied",C49/2,0)) -> 0 | L49: =IF(H49="Navy",C49,IF(H49="Tied",C49/2,0)) -> 0 | M49: singles-3-back-9
B50: Overall | C50: 2 | D50: =IF(D47="","",D47) -> Sean Bromley | F50: =IF(F47="","",F47) -> George Collister | J50: =IF(H50="","Not Started","Final") -> Not Started | K50: =IF(H50="Red",C50,IF(H50="Tied",C50/2,0)) -> 0 | L50: =IF(H50="Navy",C50,IF(H50="Tied",C50/2,0)) -> 0 | M50: singles-3-overall
A52: Singles #4 | B52: MATCH SUBTOTAL | C52: 6 | D52: Dylan Bradley | F52: Eric Bleim | J52: =IF(COUNTA(H53:H55)=0,"Not Started",IF(COUNTA(H53:H55)<3,"In Progress","Final")) -> Not Started | K52: =SUM(K53:K55) -> 0 | L52: =SUM(L53:L55) -> 0 | M52: singles-4
B53: Front 9 | C53: 1 | D53: =IF(D52="","",D52) -> Dylan Bradley | F53: =IF(F52="","",F52) -> Eric Bleim | J53: =IF(H53="","Not Started","Final") -> Not Started | K53: =IF(H53="Red",C53,IF(H53="Tied",C53/2,0)) -> 0 | L53: =IF(H53="Navy",C53,IF(H53="Tied",C53/2,0)) -> 0 | M53: singles-4-front-9
B54: Back 9 | C54: 1 | D54: =IF(D52="","",D52) -> Dylan Bradley | F54: =IF(F52="","",F52) -> Eric Bleim | J54: =IF(H54="","Not Started","Final") -> Not Started | K54: =IF(H54="Red",C54,IF(H54="Tied",C54/2,0)) -> 0 | L54: =IF(H54="Navy",C54,IF(H54="Tied",C54/2,0)) -> 0 | M54: singles-4-back-9
B55: Overall | C55: 2 | D55: =IF(D52="","",D52) -> Dylan Bradley | F55: =IF(F52="","",F52) -> Eric Bleim | J55: =IF(H55="","Not Started","Final") -> Not Started | K55: =IF(H55="Red",C55,IF(H55="Tied",C55/2,0)) -> 0 | L55: =IF(H55="Navy",C55,IF(H55="Tied",C55/2,0)) -> 0 | M55: singles-4-overall
A58: CURRENT CUP • PLAYER PERFORMANCE | J58: SCORING NOTES • Scramble and each Fourball match award 1 point for Front 9, 1 point for Back 9, and 1 point for Overall. • Each Singles match awards 2 points for Front 9, 2 points for Back 9, and 2 points for Overall. • A tie always splits the available points equally. • All-team events credit every team member; Fourball and Singles credit only selected players.
A59: Player | B59: Team | C59: Segments Played | D59: Wins | E59: Losses | F59: Ties | G59: Points Won | H59: Win %
A60: Sam Griffiths | B60: Red | C60: =COUNTIF($D$15:$D$22,"<>")+SUMPRODUCT(--($H$28:$H$55<>""),--((($D$28:$D$55=$A60)+($E$28:$E$55=$A60)+($F$28:$F$55=$A60)+($G$28:$G$55=$A60))>0)) -> 0 | D60: =COUNTIF($D$15:$D$22,$B60)+SUMPRODUCT(--($H$28:$H$55=$B60),--((($D$28:$D$55=$A60)+($E$28:$E$55=$A60)+($F$28:$F$55=$A60)+($G$28:$G$55=$A60))>0)) -> 0 | E60: =COUNTIF($D$15:$D$22,IF($B60="Red","Navy","Red"))+SUMPRODUCT(--($H$28:$H$55=IF($B60="Red","Navy","Red")),--((($D$28:$D$55=$A60)+($E$28:$E$55=$A60)+($F$28:$F$55=$A60)+($G$28:$G$55=$A60))>0)) -> 0 | F60: =COUNTIF($D$15:$D$22,"Tied")+SUMPRODUCT(--($H$28:$H$55="Tied"),--((($D$28:$D$55=$A60)+($E$28:$E$55=$A60)+($F$28:$F$55=$A60)+($G$28:$G$55=$A60))>0)) -> 0 | G60: =SUM($G$15:$G$22)+SUMPRODUCT($K$28:$K$55,--((($D$28:$D$55=$A60)+($E$28:$E$55=$A60)+($F$28:$F$55=$A60)+($G$28:$G$55=$A60))>0)) -> 0 | H60: =IF(C60=0,0,(D60+F60/2)/C60) -> 0
A61: Kevin Catliff | B61: Red | C61: =COUNTIF($D$15:$D$22,"<>")+SUMPRODUCT(--($H$28:$H$55<>""),--((($D$28:$D$55=$A61)+($E$28:$E$55=$A61)+($F$28:$F$55=$A61)+($G$28:$G$55=$A61))>0)) -> 0 | D61: =COUNTIF($D$15:$D$22,$B61)+SUMPRODUCT(--($H$28:$H$55=$B61),--((($D$28:$D$55=$A61)+($E$28:$E$55=$A61)+($F$28:$F$55=$A61)+($G$28:$G$55=$A61))>0)) -> 0 | E61: =COUNTIF($D$15:$D$22,IF($B61="Red","Navy","Red"))+SUMPRODUCT(--($H$28:$H$55=IF($B61="Red","Navy","Red")),--((($D$28:$D$55=$A61)+($E$28:$E$55=$A61)+($F$28:$F$55=$A61)+($G$28:$G$55=$A61))>0)) -> 0 | F61: =COUNTIF($D$15:$D$22,"Tied")+SUMPRODUCT(--($H$28:$H$55="Tied"),--((($D$28:$D$55=$A61)+($E$28:$E$55=$A61)+($F$28:$F$55=$A61)+($G$28:$G$55=$A61))>0)) -> 0 | G61: =SUM($G$15:$G$22)+SUMPRODUCT($K$28:$K$55,--((($D$28:$D$55=$A61)+($E$28:$E$55=$A61)+($F$28:$F$55=$A61)+($G$28:$G$55=$A61))>0)) -> 0 | H61: =IF(C61=0,0,(D61+F61/2)/C61) -> 0
A62: Sean Bromley | B62: Red | C62: =COUNTIF($D$15:$D$22,"<>")+SUMPRODUCT(--($H$28:$H$55<>""),--((($D$28:$D$55=$A62)+($E$28:$E$55=$A62)+($F$28:$F$55=$A62)+($G$28:$G$55=$A62))>0)) -> 0 | D62: =COUNTIF($D$15:$D$22,$B62)+SUMPRODUCT(--($H$28:$H$55=$B62),--((($D$28:$D$55=$A62)+($E$28:$E$55=$A62)+($F$28:$F$55=$A62)+($G$28:$G$55=$A62))>0)) -> 0 | E62: =COUNTIF($D$15:$D$22,IF($B62="Red","Navy","Red"))+SUMPRODUCT(--($H$28:$H$55=IF($B62="Red","Navy","Red")),--((($D$28:$D$55=$A62)+($E$28:$E$55=$A62)+($F$28:$F$55=$A62)+($G$28:$G$55=$A62))>0)) -> 0 | F62: =COUNTIF($D$15:$D$22,"Tied")+SUMPRODUCT(--($H$28:$H$55="Tied"),--((($D$28:$D$55=$A62)+($E$28:$E$55=$A62)+($F$28:$F$55=$A62)+($G$28:$G$55=$A62))>0)) -> 0 | G62: =SUM($G$15:$G$22)+SUMPRODUCT($K$28:$K$55,--((($D$28:$D$55=$A62)+($E$28:$E$55=$A62)+($F$28:$F$55=$A62)+($G$28:$G$55=$A62))>0)) -> 0 | H62: =IF(C62=0,0,(D62+F62/2)/C62) -> 0
A63: Dylan Bradley | B63: Red | C63: =COUNTIF($D$15:$D$22,"<>")+SUMPRODUCT(--($H$28:$H$55<>""),--((($D$28:$D$55=$A63)+($E$28:$E$55=$A63)+($F$28:$F$55=$A63)+($G$28:$G$55=$A63))>0)) -> 0 | D63: =COUNTIF($D$15:$D$22,$B63)+SUMPRODUCT(--($H$28:$H$55=$B63),--((($D$28:$D$55=$A63)+($E$28:$E$55=$A63)+($F$28:$F$55=$A63)+($G$28:$G$55=$A63))>0)) -> 0 | E63: =COUNTIF($D$15:$D$22,IF($B63="Red","Navy","Red"))+SUMPRODUCT(--($H$28:$H$55=IF($B63="Red","Navy","Red")),--((($D$28:$D$55=$A63)+($E$28:$E$55=$A63)+($F$28:$F$55=$A63)+($G$28:$G$55=$A63))>0)) -> 0 | F63: =COUNTIF($D$15:$D$22,"Tied")+SUMPRODUCT(--($H$28:$H$55="Tied"),--((($D$28:$D$55=$A63)+($E$28:$E$55=$A63)+($F$28:$F$55=$A63)+($G$28:$G$55=$A63))>0)) -> 0 | G63: =SUM($G$15:$G$22)+SUMPRODUCT($K$28:$K$55,--((($D$28:$D$55=$A63)+($E$28:$E$55=$A63)+($F$28:$F$55=$A63)+($G$28:$G$55=$A63))>0)) -> 0 | H63: =IF(C63=0,0,(D63+F63/2)/C63) -> 0
A64: Eric Bleim | B64: Navy | C64: =COUNTIF($D$15:$D$22,"<>")+SUMPRODUCT(--($H$28:$H$55<>""),--((($D$28:$D$55=$A64)+($E$28:$E$55=$A64)+($F$28:$F$55=$A64)+($G$28:$G$55=$A64))>0)) -> 0 | D64: =COUNTIF($D$15:$D$22,$B64)+SUMPRODUCT(--($H$28:$H$55=$B64),--((($D$28:$D$55=$A64)+($E$28:$E$55=$A64)+($F$28:$F$55=$A64)+($G$28:$G$55=$A64))>0)) -> 0 | E64: =COUNTIF($D$15:$D$22,IF($B64="Red","Navy","Red"))+SUMPRODUCT(--($H$28:$H$55=IF($B64="Red","Navy","Red")),--((($D$28:$D$55=$A64)+($E$28:$E$55=$A64)+($F$28:$F$55=$A64)+($G$28:$G$55=$A64))>0)) -> 0 | F64: =COUNTIF($D$15:$D$22,"Tied")+SUMPRODUCT(--($H$28:$H$55="Tied"),--((($D$28:$D$55=$A64)+($E$28:$E$55=$A64)+($F$28:$F$55=$A64)+($G$28:$G$55=$A64))>0)) -> 0 | G64: =SUM($H$15:$H$22)+SUMPRODUCT($L$28:$L$55,--((($D$28:$D$55=$A64)+($E$28:$E$55=$A64)+($F$28:$F$55=$A64)+($G$28:$G$55=$A64))>0)) -> 0 | H64: =IF(C64=0,0,(D64+F64/2)/C64) -> 0
A65: George Collister | B65: Navy | C65: =COUNTIF($D$15:$D$22,"<>")+SUMPRODUCT(--($H$28:$H$55<>""),--((($D$28:$D$55=$A65)+($E$28:$E$55=$A65)+($F$28:$F$55=$A65)+($G$28:$G$55=$A65))>0)) -> 0 | D65: =COUNTIF($D$15:$D$22,$B65)+SUMPRODUCT(--($H$28:$H$55=$B65),--((($D$28:$D$55=$A65)+($E$28:$E$55=$A65)+($F$28:$F$55=$A65)+($G$28:$G$55=$A65))>0)) -> 0 | E65: =COUNTIF($D$15:$D$22,IF($B65="Red","Navy","Red"))+SUMPRODUCT(--($H$28:$H$55=IF($B65="Red","Navy","Red")),--((($D$28:$D$55=$A65)+($E$28:$E$55=$A65)+($F$28:$F$55=$A65)+($G$28:$G$55=$A65))>0)) -> 0 | F65: =COUNTIF($D$15:$D$22,"Tied")+SUMPRODUCT(--($H$28:$H$55="Tied"),--((($D$28:$D$55=$A65)+($E$28:$E$55=$A65)+($F$28:$F$55=$A65)+($G$28:$G$55=$A65))>0)) -> 0 | G65: =SUM($H$15:$H$22)+SUMPRODUCT($L$28:$L$55,--((($D$28:$D$55=$A65)+($E$28:$E$55=$A65)+($F$28:$F$55=$A65)+($G$28:$G$55=$A65))>0)) -> 0 | H65: =IF(C65=0,0,(D65+F65/2)/C65) -> 0
A66: Steve Wells | B66: Navy | C66: =COUNTIF($D$15:$D$22,"<>")+SUMPRODUCT(--($H$28:$H$55<>""),--((($D$28:$D$55=$A66)+($E$28:$E$55=$A66)+($F$28:$F$55=$A66)+($G$28:$G$55=$A66))>0)) -> 0 | D66: =COUNTIF($D$15:$D$22,$B66)+SUMPRODUCT(--($H$28:$H$55=$B66),--((($D$28:$D$55=$A66)+($E$28:$E$55=$A66)+($F$28:$F$55=$A66)+($G$28:$G$55=$A66))>0)) -> 0 | E66: =COUNTIF($D$15:$D$22,IF($B66="Red","Navy","Red"))+SUMPRODUCT(--($H$28:$H$55=IF($B66="Red","Navy","Red")),--((($D$28:$D$55=$A66)+($E$28:$E$55=$A66)+($F$28:$F$55=$A66)+($G$28:$G$55=$A66))>0)) -> 0 | F66: =COUNTIF($D$15:$D$22,"Tied")+SUMPRODUCT(--($H$28:$H$55="Tied"),--((($D$28:$D$55=$A66)+($E$28:$E$55=$A66)+($F$28:$F$55=$A66)+($G$28:$G$55=$A66))>0)) -> 0 | G66: =SUM($H$15:$H$22)+SUMPRODUCT($L$28:$L$55,--((($D$28:$D$55=$A66)+($E$28:$E$55=$A66)+($F$28:$F$55=$A66)+($G$28:$G$55=$A66))>0)) -> 0 | H66: =IF(C66=0,0,(D66+F66/2)/C66) -> 0
A67: JJ Meakings | B67: Navy | C67: =COUNTIF($D$15:$D$22,"<>")+SUMPRODUCT(--($H$28:$H$55<>""),--((($D$28:$D$55=$A67)+($E$28:$E$55=$A67)+($F$28:$F$55=$A67)+($G$28:$G$55=$A67))>0)) -> 0 | D67: {=COUNTIF($D$15:$D$22,$B67)+SUMPRODUCT(--($H$28:$H$55=$B67),--((($D$28:$D$55=$A67)+($E$28:$E$55=$A67)+($F$28:$F$55=$A67)+($G$28:$G$55=$A67))>0))} -> 0 | E67: =COUNTIF($D$15:$D$22,IF($B67="Red","Navy","Red"))+SUMPRODUCT(--($H$28:$H$55=IF($B67="Red","Navy","Red")),--((($D$28:$D$55=$A67)+($E$28:$E$55=$A67)+($F$28:$F$55=$A67)+($G$28:$G$55=$A67))>0)) -> 0 | F67: =COUNTIF($D$15:$D$22,"Tied")+SUMPRODUCT(--($H$28:$H$55="Tied"),--((($D$28:$D$55=$A67)+($E$28:$E$55=$A67)+($F$28:$F$55=$A67)+($G$28:$G$55=$A67))>0)) -> 0 | G67: =SUM($H$15:$H$22)+SUMPRODUCT($L$28:$L$55,--((($D$28:$D$55=$A67)+($E$28:$E$55=$A67)+($F$28:$F$55=$A67)+($G$28:$G$55=$A67))>0)) -> 0 | H67: =IF(C67=0,0,(D67+F67/2)/C67) -> 0

Sheet Record Book
A1: CYDER CUP • RECORD BOOK
A3: Career history, annual champions, and player-level match results
A5: ANNUAL CUP RESULTS
A6: Year | B6: Champion | C6: Captain | D6: Final Score | E6: Red Pts | F6: Navy Pts
A7: 2019 | B7: Navy | C7: Eric Bleim | D7: 13.5 - 1.5 | E7: 1.5 | F7: 13.5
A8: 2020 | B8: Red | C8: Kevin Catliff | D8: 10 - 5 | E8: 10 | F8: 5
A9: 2021 | B9: Red | C9: Dylan Bradley | D9: 9 - 6 | E9: 9 | F9: 6
A10: 2022 | B10: Navy | C10: JJ Meakings | D10: 8 - 7 | E10: 7 | F10: 8
A11: 2025 | B11: Navy | C11: Eric Bleim | D11: 9.5 - 5.5 | E11: 5.5 | F11: 9.5
A14: ALL-TIME PLAYER RECORDS
A15: Player | B15: Team | C15: W | D15: L | E15: T | F15: Points %
A16: Steve Wells | B16: Navy | C16: =COUNTIFS(PlayerMatchHistory[Player],$A16,PlayerMatchHistory[Result],C$15)+COUNTIFS(PlayerMatchHistory[Player],"All",PlayerMatchHistory[Team],$B16,PlayerMatchHistory[Result],C$15) -> 10 | D16: =COUNTIFS(PlayerMatchHistory[Player],$A16,PlayerMatchHistory[Result],D$15)+COUNTIFS(PlayerMatchHistory[Player],"All",PlayerMatchHistory[Team],$B16,PlayerMatchHistory[Result],D$15) -> 5 | E16: =COUNTIFS(PlayerMatchHistory[Player],$A16,PlayerMatchHistory[Result],E$15)+COUNTIFS(PlayerMatchHistory[Player],"All",PlayerMatchHistory[Team],$B16,PlayerMatchHistory[Result],E$15) -> 0 | F16: =(C16+E16/2)/SUM(C16:E16) -> 0.66666667
A17: George Collister | B17: Navy | C17: =COUNTIFS(PlayerMatchHistory[Player],$A17,PlayerMatchHistory[Result],C$15)+COUNTIFS(PlayerMatchHistory[Player],"All",PlayerMatchHistory[Team],$B17,PlayerMatchHistory[Result],C$15) -> 9 | D17: =COUNTIFS(PlayerMatchHistory[Player],$A17,PlayerMatchHistory[Result],D$15)+COUNTIFS(PlayerMatchHistory[Player],"All",PlayerMatchHistory[Team],$B17,PlayerMatchHistory[Result],D$15) -> 6 | E17: =COUNTIFS(PlayerMatchHistory[Player],$A17,PlayerMatchHistory[Result],E$15)+COUNTIFS(PlayerMatchHistory[Player],"All",PlayerMatchHistory[Team],$B17,PlayerMatchHistory[Result],E$15) -> 0 | F17: =(C17+E17/2)/SUM(C17:E17) -> 0.6
A18: JJ Meakings | B18: Navy | C18: =COUNTIFS(PlayerMatchHistory[Player],$A18,PlayerMatchHistory[Result],C$15)+COUNTIFS(PlayerMatchHistory[Player],"All",PlayerMatchHistory[Team],$B18,PlayerMatchHistory[Result],C$15) -> 8 | D18: =COUNTIFS(PlayerMatchHistory[Player],$A18,PlayerMatchHistory[Result],D$15)+COUNTIFS(PlayerMatchHistory[Player],"All",PlayerMatchHistory[Team],$B18,PlayerMatchHistory[Result],D$15) -> 5 | E18: =COUNTIFS(PlayerMatchHistory[Player],$A18,PlayerMatchHistory[Result],E$15)+COUNTIFS(PlayerMatchHistory[Player],"All",PlayerMatchHistory[Team],$B18,PlayerMatchHistory[Result],E$15) -> 2 | F18: =(C18+E18/2)/SUM(C18:E18) -> 0.6
A19: Sam Griffiths | B19: Red | C19: =COUNTIFS(PlayerMatchHistory[Player],$A19,PlayerMatchHistory[Result],C$15)+COUNTIFS(PlayerMatchHistory[Player],"All",PlayerMatchHistory[Team],$B19,PlayerMatchHistory[Result],C$15) -> 8 | D19: =COUNTIFS(PlayerMatchHistory[Player],$A19,PlayerMatchHistory[Result],D$15)+COUNTIFS(PlayerMatchHistory[Player],"All",PlayerMatchHistory[Team],$B19,PlayerMatchHistory[Result],D$15) -> 6 | E19: =COUNTIFS(PlayerMatchHistory[Player],$A19,PlayerMatchHistory[Result],E$15)+COUNTIFS(PlayerMatchHistory[Player],"All",PlayerMatchHistory[Team],$B19,PlayerMatchHistory[Result],E$15) -> 1 | F19: =(C19+E19/2)/SUM(C19:E19) -> 0.56666667
A20: Eric Bleim | B20: Navy | C20: =COUNTIFS(PlayerMatchHistory[Player],$A20,PlayerMatchHistory[Result],C$15)+COUNTIFS(PlayerMatchHistory[Player],"All",PlayerMatchHistory[Team],$B20,PlayerMatchHistory[Result],C$15) -> 8 | D20: =COUNTIFS(PlayerMatchHistory[Player],$A20,PlayerMatchHistory[Result],D$15)+COUNTIFS(PlayerMatchHistory[Player],"All",PlayerMatchHistory[Team],$B20,PlayerMatchHistory[Result],D$15) -> 7 | E20: =COUNTIFS(PlayerMatchHistory[Player],$A20,PlayerMatchHistory[Result],E$15)+COUNTIFS(PlayerMatchHistory[Player],"All",PlayerMatchHistory[Team],$B20,PlayerMatchHistory[Result],E$15) -> 0 | F20: =(C20+E20/2)/SUM(C20:E20) -> 0.53333333
A21: Kevin Catliff | B21: Red | C21: =COUNTIFS(PlayerMatchHistory[Player],$A21,PlayerMatchHistory[Result],C$15)+COUNTIFS(PlayerMatchHistory[Player],"All",PlayerMatchHistory[Team],$B21,PlayerMatchHistory[Result],C$15) -> 6 | D21: =COUNTIFS(PlayerMatchHistory[Player],$A21,PlayerMatchHistory[Result],D$15)+COUNTIFS(PlayerMatchHistory[Player],"All",PlayerMatchHistory[Team],$B21,PlayerMatchHistory[Result],D$15) -> 8 | E21: =COUNTIFS(PlayerMatchHistory[Player],$A21,PlayerMatchHistory[Result],E$15)+COUNTIFS(PlayerMatchHistory[Player],"All",PlayerMatchHistory[Team],$B21,PlayerMatchHistory[Result],E$15) -> 1 | F21: =(C21+E21/2)/SUM(C21:E21) -> 0.43333333
A22: Sean Bromley | B22: Red | C22: =COUNTIFS(PlayerMatchHistory[Player],$A22,PlayerMatchHistory[Result],C$15)+COUNTIFS(PlayerMatchHistory[Player],"All",PlayerMatchHistory[Team],$B22,PlayerMatchHistory[Result],C$15) -> 5 | D22: =COUNTIFS(PlayerMatchHistory[Player],$A22,PlayerMatchHistory[Result],D$15)+COUNTIFS(PlayerMatchHistory[Player],"All",PlayerMatchHistory[Team],$B22,PlayerMatchHistory[Result],D$15) -> 10 | E22: =COUNTIFS(PlayerMatchHistory[Player],$A22,PlayerMatchHistory[Result],E$15)+COUNTIFS(PlayerMatchHistory[Player],"All",PlayerMatchHistory[Team],$B22,PlayerMatchHistory[Result],E$15) -> 0 | F22: =(C22+E22/2)/SUM(C22:E22) -> 0.33333333
A23: Dylan Bradley | B23: Red | C23: =COUNTIFS(PlayerMatchHistory[Player],$A23,PlayerMatchHistory[Result],C$15)+COUNTIFS(PlayerMatchHistory[Player],"All",PlayerMatchHistory[Team],$B23,PlayerMatchHistory[Result],C$15) -> 4 | D23: =COUNTIFS(PlayerMatchHistory[Player],$A23,PlayerMatchHistory[Result],D$15)+COUNTIFS(PlayerMatchHistory[Player],"All",PlayerMatchHistory[Team],$B23,PlayerMatchHistory[Result],D$15) -> 11 | E23: =COUNTIFS(PlayerMatchHistory[Player],$A23,PlayerMatchHistory[Result],E$15)+COUNTIFS(PlayerMatchHistory[Player],"All",PlayerMatchHistory[Team],$B23,PlayerMatchHistory[Result],E$15) -> 0 | F23: =(C23+E23/2)/SUM(C23:E23) -> 0.26666667
A26: PLAYER MATCH HISTORY
A27: One row per player • Singles opponents shown separately • Use this table for future website records
A28: Year | B28: Day | C28: Format | D28: Segment | E28: Player | F28: Team | G28: Teammate(s) | H28: Singles Opponent | I28: Result | J28: Score / Notes
A29: 2019 | B29: Session 1a | C29: Fourball | E29: Sam Griffiths | F29: Red | G29: Dylan Bradley | I29: L | J29: NAVY 2&1
A30: 2019 | B30: Session 1a | C30: Fourball | E30: Dylan Bradley | F30: Red | G30: Sam Griffiths | I30: L | J30: NAVY 2&1
A31: 2019 | B31: Session 1a | C31: Fourball | E31: JJ Meakings | F31: Navy | G31: Steve Wells | I31: W | J31: NAVY 2&1
A32: 2019 | B32: Session 1a | C32: Fourball | E32: Steve Wells | F32: Navy | G32: JJ Meakings | I32: W | J32: NAVY 2&1
A33: 2019 | B33: Session 1b | C33: Fourball | E33: Sean Bromley | F33: Red | G33: Kevin Catliff | I33: L | J33: NAVY 7&5
A34: 2019 | B34: Session 1b | C34: Fourball | E34: Kevin Catliff | F34: Red | G34: Sean Bromley | I34: L | J34: NAVY 7&5
A35: 2019 | B35: Session 1b | C35: Fourball | E35: Eric Bleim | F35: Navy | G35: George Collister | I35: W | J35: NAVY 7&5
A36: 2019 | B36: Session 1b | C36: Fourball | E36: George Collister | F36: Navy | G36: Eric Bleim | I36: W | J36: NAVY 7&5
A37: 2019 | B37: Session 2a | C37: Scramble | E37: Sam Griffiths | F37: Red | G37: Kevin Catliff | I37: W | J37: RED 3 under
A38: 2019 | B38: Session 2a | C38: Scramble | E38: Kevin Catliff | F38: Red | G38: Sam Griffiths | I38: W | J38: RED 3 under
A39: 2019 | B39: Session 2a | C39: Scramble | E39: JJ Meakings | F39: Navy | G39: George Collister | I39: L | J39: RED 3 under
A40: 2019 | B40: Session 2a | C40: Scramble | E40: George Collister | F40: Navy | G40: JJ Meakings | I40: L | J40: RED 3 under
... A44: 2019 | B44: Session 2b | C44: Scramble | E44: Steve Wells | F44: Navy | G44: Eric Bleim | I44: W | J44: NAVY 2 under
A45: 2019 | B45: Session 3 | C45: Singles | E45: Sam Griffiths | F45: Red | H45: JJ Meakings | I45: T | J45: A/S
A46: 2019 | B46: Session 3 | C46: Singles | E46: JJ Meakings | F46: Navy | H46: Sam Griffiths | I46: T | J46: A/S
A47: 2019 | B47: Session 3 | C47: Singles | E47: Kevin Catliff | F47: Red | H47: Eric Bleim | I47: L | J47: NAVY 2&1
A48: 2019 | B48: Session 3 | C48: Singles | E48: Eric Bleim | F48: Navy | H48: Kevin Catliff | I48: W | J48: NAVY 2&1
A49: 2019 | B49: Session 3 | C49: Singles | E49: Dylan Bradley | F49: Red | H49: George Collister | I49: L | J49: NAVY 4&3
A50: 2019 | B50: Session 3 | C50: Singles | E50: George Collister | F50: Navy | H50: Dylan Bradley | I50: W | J50: NAVY 4&3
A51: 2019 | B51: Session 3 | C51: Singles | E51: Sean Bromley | F51: Red | H51: Steve Wells | I51: L | J51: NAVY 2&1
A52: 2019 | B52: Session 3 | C52: Singles | E52: Steve Wells | F52: Navy | H52: Sean Bromley | I52: W | J52: NAVY 2&1
A53: 2020 | B53: Session 1a | C53: Fourball | E53: Sam Griffiths | F53: Red | G53: Sean Bromley | I53: W | J53: RED 3&2
A54: 2020 | B54: Session 1a | C54: Fourball | E54: Sean Bromley | F54: Red | G54: Sam Griffiths | I54: W | J54: RED 3&2
A55: 2020 | B55: Session 1a | C55: Fourball | E55: JJ Meakings | F55: Navy | G55: Steve Wells | I55: L | J55: RED 3&2
A56: 2020 | B56: Session 1a | C56: Fourball | E56: Steve Wells | F56: Navy | G56: JJ Meakings | I56: L | J56: RED 3&2
A57: 2020 | B57: Session 1b | C57: Fourball | E57: Kevin Catliff | F57: Red | G57: Dylan Bradley | I57: W | J57: RED 4&3
A58: 2020 | B58: Session 1b | C58: Fourball | E58: Dylan Bradley | F58: Red | G58: Kevin Catliff | I58: W | J58: RED 4&3
A59: 2020 | B59: Session 1b | C59: Fourball | E59: Eric Bleim | F59: Navy | G59: George Collister | I59: L | J59: RED 4&3
A60: 2020 | B60: Session 1b | C60: Fourball | E60: George Collister | F60: Navy | G60: Eric Bleim | I60: L | J60: RED 4&3
A61: 2020 | B61: Session 2a | C61: Scramble | E61: Kevin Catliff | F61: Red | G61: Dylan Bradley | I61: L | J61: NAVY 1 UP
A62: 2020 | B62: Session 2a | C62: Scramble | E62: Dylan Bradley | F62: Red | G62: Kevin Catliff | I62: L | J62: NAVY 1 UP
A63: 2020 | B63: Session 2a | C63: Scramble | E63: Eric Bleim | F63: Navy | G63: Steve Wells | I63: W | J63: NAVY 1 UP
A64: 2020 | B64: Session 2a | C64: Scramble | E64: Steve Wells | F64: Navy | G64: Eric Bleim | I64: W | J64: NAVY 1 UP
... A68: 2020 | B68: Session 2b | C68: Scramble | E68: George Collister | F68: Navy | G68: JJ Meakings | I68: W | J68: NAVY 4&3
A69: 2020 | B69: Session 3 | C69: Singles | E69: Kevin Catliff | F69: Red | H69: Eric Bleim | I69: W | J69: RED 7&5
A70: 2020 | B70: Session 3 | C70: Singles | E70: Eric Bleim | F70: Navy | H70: Kevin Catliff | I70: L | J70: RED 7&5
A71: 2020 | B71: Session 3 | C71: Singles | E71: Sam Griffiths | F71: Red | H71: JJ Meakings | I71: W | J71: RED 4&3
A72: 2020 | B72: Session 3 | C72: Singles | E72: JJ Meakings | F72: Navy | H72: Sam Griffiths | I72: L | J72: RED 4&3
A73: 2020 | B73: Session 3 | C73: Singles | E73: Sean Bromley | F73: Red | H73: Steve Wells | I73: L | J73: NAVY 1 UP
A74: 2020 | B74: Session 3 | C74: Singles | E74: Steve Wells | F74: Navy | H74: Sean Bromley | I74: W | J74: NAVY 1 UP
A75: 2020 | B75: Session 3 | C75: Singles | E75: Dylan Bradley | F75: Red | H75: George Collister | I75: W | J75: RED 3&2
A76: 2020 | B76: Session 3 | C76: Singles | E76: George Collister | F76: Navy | H76: Dylan Bradley | I76: L | J76: RED 3&2
A77: 2021 | B77: Session 1a | C77: Fourball | E77: Sam Griffiths | F77: Red | G77: Sean Bromley | I77: L | J77: NAVY 3&2
A78: 2021 | B78: Session 1a | C78: Fourball | E78: Sean Bromley | F78: Red | G78: Sam Griffiths | I78: L | J78: NAVY 3&2
A79: 2021 | B79: Session 1a | C79: Fourball | E79: Steve Wells | F79: Navy | G79: Eric Bleim | I79: W | J79: NAVY 3&2
A80: 2021 | B80: Session 1a | C80: Fourball | E80: Eric Bleim | F80: Navy | G80: Steve Wells | I80: W | J80: NAVY 3&2
A81: 2021 | B81: Session 1b | C81: Fourball | E81: Kevin Catliff | F81: Red | G81: Dylan Bradley | I81: L | J81: NAVY 4&3
A82: 2021 | B82: Session 1b | C82: Fourball | E82: Dylan Bradley | F82: Red | G82: Kevin Catliff | I82: L | J82: NAVY 4&3
A83: 2021 | B83: Session 1b | C83: Fourball | E83: JJ Meakings | F83: Navy | G83: George Collister | I83: W | J83: NAVY 4&3
A84: 2021 | B84: Session 1b | C84: Fourball | E84: George Collister | F84: Navy | G84: JJ Meakings | I84: W | J84: NAVY 4&3
A85: 2021 | B85: Session 2a | C85: Scramble | E85: Sam Griffiths | F85: Red | G85: Dylan Bradley | I85: L | J85: NAVY 4 under
A86: 2021 | B86: Session 2a | C86: Scramble | E86: Dylan Bradley | F86: Red | G86: Sam Griffiths | I86: L | J86: NAVY 4 under
A87: 2021 | B87: Session 2a | C87: Scramble | E87: JJ Meakings | F87: Navy | G87: George Collister | I87: W | J87: NAVY 4 under
A88: 2021 | B88: Session 2a | C88: Scramble | E88: George Collister | F88: Navy | G88: JJ Meakings | I88: W | J88: NAVY 4 under
... A92: 2021 | B92: Session 2b | C92: Scramble | E92: Eric Bleim | F92: Navy | G92: Steve Wells | I92: L | J92: RED 4 under
A93: 2021 | B93: Session 3 | C93: Singles | E93: Sean Bromley | F93: Red | H93: George Collister | I93: W | J93: RED 2&1
A94: 2021 | B94: Session 3 | C94: Singles | E94: George Collister | F94: Navy | H94: Sean Bromley | I94: L | J94: RED 2&1
A95: 2021 | B95: Session 3 | C95: Singles | E95: Dylan Bradley | F95: Red | H95: Steve Wells | I95: W | J95: RED 3&2
A96: 2021 | B96: Session 3 | C96: Singles | E96: Steve Wells | F96: Navy | H96: Dylan Bradley | I96: L | J96: RED 3&2
A97: 2021 | B97: Session 3 | C97: Singles | E97: Sam Griffiths | F97: Red | H97: Eric Bleim | I97: W | J97: RED 5&4
A98: 2021 | B98: Session 3 | C98: Singles | E98: Eric Bleim | F98: Navy | H98: Sam Griffiths | I98: L | J98: RED 5&4
A99: 2021 | B99: Session 3 | C99: Singles | E99: Kevin Catliff | F99: Red | H99: JJ Meakings | I99: W | J99: RED 1 UP
A100: 2021 | B100: Session 3 | C100: Singles | E100: JJ Meakings | F100: Navy | H100: Kevin Catliff | I100: L | J100: RED 1 UP
A101: 2022 | B101: Session 1a | C101: Fourball | E101: Sam Griffiths | F101: Red | G101: Sean Bromley | I101: W | J101: RED 6&5
A102: 2022 | B102: Session 1a | C102: Fourball | E102: Sean Bromley | F102: Red | G102: Sam Griffiths | I102: W | J102: RED 6&5
A103: 2022 | B103: Session 1a | C103: Fourball | E103: Eric Bleim | F103: Navy | G103: Steve Wells | I103: L | J103: RED 6&5
A104: 2022 | B104: Session 1a | C104: Fourball | E104: Steve Wells | F104: Navy | G104: Eric Bleim | I104: L | J104: RED 6&5
A105: 2022 | B105: Session 1b | C105: Fourball | E105: Kevin Catliff | F105: Red | G105: Dylan Bradley | I105: L | J105: NAVY 2&1
A106: 2022 | B106: Session 1b | C106: Fourball | E106: Dylan Bradley | F106: Red | G106: Kevin Catliff | I106: L | J106: NAVY 2&1
A107: 2022 | B107: Session 1b | C107: Fourball | E107: George Collister | F107: Navy | G107: JJ Meakings | I107: W | J107: NAVY 2&1
A108: 2022 | B108: Session 1b | C108: Fourball | E108: JJ Meakings | F108: Navy | G108: George Collister | I108: W | J108: NAVY 2&1
A109: 2022 | B109: Session 2a | C109: Scramble | E109: Sam Griffiths | F109: Red | G109: Sean Bromley | I109: W | J109: RED 2 under
A110: 2022 | B110: Session 2a | C110: Scramble | E110: Sean Bromley | F110: Red | G110: Sam Griffiths | I110: W | J110: RED 2 under
A111: 2022 | B111: Session 2a | C111: Scramble | E111: Eric Bleim | F111: Navy | G111: George Collister | I111: L | J111: RED 2 under
A112: 2022 | B112: Session 2a | C112: Scramble | E112: George Collister | F112: Navy | G112: Eric Bleim | I112: L | J112: RED 2 under
... A116: 2022 | B116: Session 2b | C116: Scramble | E116: JJ Meakings | F116: Navy | G116: Steve Wells | I116: W | J116: NAVY 3 under
A117: 2022 | B117: Session 3 | C117: Singles | E117: Dylan Bradley | F117: Red | H117: George Collister | I117: L | J117: NAVY 2UP
A118: 2022 | B118: Session 3 | C118: Singles | E118: George Collister | F118: Navy | H118: Dylan Bradley | I118: W | J118: NAVY 2UP
...

Sheet Player Stats
A1: CYDER CUP • PLAYER DATABASE
A4: Player ID | B4: Display Name | C4: Team | D4: Active | E4: Career W | F4: Career L | G4: Career T | H4: Career Matches | I4: Career Win % | J4: 2026 Cup W | K4: 2026 Cup L | L4: 2026 Cup T | M4: First Name | N4: Last Name | O4: Handicap | P4: Hometown | Q4: Home Course | R4: Favorite Drink | S4: Walkout Music | T4: Bio | U4: Photo Key
A5: red-sam | B5: Sam Griffiths | C5: Red | D5: Yes | E5: 8 | F5: 6 | G5: 1 | H5: =SUM(E5:G5) -> 15 | I5: =IF(H5=0,0,(E5+G5/2)/H5) -> 0.56666667 | J5: ='Live Leaderboard'!D60 -> 0 | K5: ='Live Leaderboard'!E60 -> 0 | L5: ='Live Leaderboard'!F60 -> 0 | M5: Sam | N5: Griffiths | O5: 13 | P5: North Vancouver, British Columbia | Q5: Sunningdale Golf Club | R5: Guinness | S5: I Don’t Wanna Be – Gavin Degraw | T5: An original founder of the Cyder Cup. Sam's golf game closely mirrors his excel spreadsheets; aesthetically pleasing to the eye, often over-engineered, and on rare occasion has no #VALUE. | U5: red-sam
A6: red-kevin | B6: Kevin Catliff | C6: Red | D6: Yes | E6: 6 | F6: 8 | G6: 1 | H6: =SUM(E6:G6) -> 15 | I6: =IF(H6=0,0,(E6+G6/2)/H6) -> 0.43333333 | J6: ='Live Leaderboard'!D61 -> 0 | K6: ='Live Leaderboard'!E61 -> 0 | L6: ='Live Leaderboard'!F61 -> 0 | M6: Kevin | N6: Catliff | O6: 8 | P6: Vancouver, British Columbia | Q6: Bowen Island Golf Club | R6: Suntory | S6: Heaven Takes You Home - SHM | T6: One half of the lefty brothers. As good at sinking putts and he is sinking ping pong balls. Proudly hold the worst athleticism-to-swing speed ratio. | U6: red-kevin
A7: red-sean | B7: Sean Bromley | C7: Red | D7: Yes | E7: 5 | F7: 10 | G7: 0 | H7: =SUM(E7:G7) -> 15 | I7: =IF(H7=0,0,(E7+G7/2)/H7) -> 0.33333333 | J7: ='Live Leaderboard'!D62 -> 0 | K7: ='Live Leaderboard'!E62 -> 0 | L7: ='Live Leaderboard'!F62 -> 0 | M7: Sean | N7: Bromley | O7: 21 | P7: Vancouver, British Columbia | Q7: Capilano Golf and Country Club | R7: Whiskey | S7: Beer Never Broke My Heart - Luke Combs | T7: Sean has become the sneaky backbone of the Cyder Cup culture. Whether its his energy or his golf, Sean never goes below 100. | U7: red-sean
A8: red-dylan | B8: Dylan Bradley | C8: Red | D8: Yes | E8: 4 | F8: 11 | G8: 0 | H8: =SUM(E8:G8) -> 15 | I8: =IF(H8=0,0,(E8+G8/2)/H8) -> 0.26666667 | J8: ='Live Leaderboard'!D63 -> 0 | K8: ='Live Leaderboard'!E63 -> 0 | L8: ='Live Leaderboard'!F63 -> 0 | M8: Dylan | N8: Bradley | O8: 15 | P8: Pitt Meadows, British Columbia | Q8: Pitt Meadows Golf Club | R8: Tequila Soda | S8: Shook Ones – Mobb Deep | T8: Breaking records and breaking (his own) bones. Known for his fiery personality, Dylan spends Cyder Cup weekend seeing red—both physically and mentally. No player is more due for a breakout performance in 2026. | U8: red-dylan
A9: navy-eric | B9: Eric Bleim | C9: Navy | D9: Yes | E9: 8 | F9: 7 | G9: 0 | H9: =SUM(E9:G9) -> 15 | I9: =IF(H9=0,0,(E9+G9/2)/H9) -> 0.53333333 | J9: ='Live Leaderboard'!D64 -> 0 | K9: ='Live Leaderboard'!E64 -> 0 | L9: ='Live Leaderboard'!F64 -> 0 | M9: Eric | N9: Bleim | O9: 16 | P9: North Vancouver, British Columbia | Q9: The Redwoods Golf Course | R9: Orange Crush (zero sugar) | S9: Pink Pony Club – Chappell Roan | T9: An original founder of the Cyder Cup. Currently seeing the numbers on the scale go down and numbers on the scorecard go up. | U9: navy-eric
A10: navy-george | B10: George Collister | C10: Navy | D10: Yes | E10: 9 | F10: 6 | G10: 0 | H10: =SUM(E10:G10) -> 15 | I10: =IF(H10=0,0,(E10+G10/2)/H10) -> 0.6 | J10: ='Live Leaderboard'!D65 -> 0 | K10: ='Live Leaderboard'!E65 -> 0 | L10: ='Live Leaderboard'!F65 -> 0 | M10: George | N10: Collister | O10: 12 | P10: Langley, British Columbia | Q10: The Redwoods Golf Course | R10: Miller Lite | S10: Money for nothing – Dire Straights | T10: George can't flip a cup but he can certainly flip a match. Known for bringing his corporate professionalism to the party. | U10: navy-george
A11: navy-steven | B11: Steve Wells | C11: Navy | D11: Yes | E11: 10 | F11: 5 | G11: 0 | H11: =SUM(E11:G11) -> 15 | I11: =IF(H11=0,0,(E11+G11/2)/H11) -> 0.66666667 | J11: ='Live Leaderboard'!D66 -> 0 | K11: ='Live Leaderboard'!E66 -> 0 | L11: ='Live Leaderboard'!F66 -> 0 | M11: Steve | N11: Wells | O11: 24 | P11: North Vancouver, British Columbia | Q11: Royal Porthcawl | R11: Peppermint tea | S11: Holding out for a Hero - RIP Bonnie | T11: Regarded as the Dad of the group. Steve's special talent is his ability to 4-putt multiple times in a round yet still not lose. Team Navy's most winningest player in the history of the Cyder Cup. | U11: navy-steve
A12: navy-jj | B12: JJ Meakings | C12: Navy | D12: Yes | E12: 8 | F12: 5 | G12: 2 | H12: =SUM(E12:G12) -> 15 | I12: =IF(H12=0,0,(E12+G12/2)/H12) -> 0.6 | J12: ='Live Leaderboard'!D67 -> 0 | K12: ='Live Leaderboard'!E67 -> 0 | L12: ='Live Leaderboard'!F67 -> 0 | M12: JJ | N12: Meakings | O12: 5 | P12: Scottsdale, Arizona | Q12: Trilogy Golf Club at Vistancia | R12: Diet Coke | S12: Talk of the Town – Fred Again | T12: Running away from his problems in Scottsdale, Arizona, JJ is known for playing good golf every weekend except the Cyder Cup weekend. Only player to bring extras clubs to the Cyder Cup given the high likelihood one gets snapped in half or stuck in a tree. | U12: navy-jj
A15: PURPOSE: canonical player names and IDs for dropdowns, statistics, profiles, and website URLs

Sheet Feed - Matches
A1: match_id | B1: tournament_id | C1: session_id | D1: match_number | E1: event_name | F1: format | G1: status | H1: tee_group | I1: navy_player_1 | J1: navy_player_2 | K1: red_player_1 | L1: red_player_2 | M1: scheduled_date | N1: start_time | O1: current_hole | P1: display_score | Q1: front_9 | R1: back_9 | S1: total_score | T1: result | U1: navy_points | V1: red_points | W1: points_available
A2: ="scramble-1" -> scramble-1 | B2: ="cyder-cup-2026" -> cyder-cup-2026 | C2: ="session-1" -> session-1 | D2: =1 -> 1 | E2: Team Navy Scramble | F2: ="scramble" -> scramble | G2: ='Live Leaderboard'!F15 -> Not Started | H2: Group 1 | I2: ="all-navy" -> all-navy | M2: 46254 | N2: 3:40pm | O2: ="" | P2: ='Live Leaderboard'!E15 -> 0 | T2: =IF(OR('Live Leaderboard'!D15="",'Live Leaderboard'!D15=0),"",IF(LOWER('Live Leaderboard'!D15)="navy","navy",IF(LOWER('Live Leaderboard'!D15)="red","red","halved"))) | U2: ='Live Leaderboard'!H15+'Live Leaderboard'!H16+'Live Leaderboard'!H17 -> 0 | V2: ='Live Leaderboard'!G15+'Live Leaderboard'!G16+'Live Leaderboard'!G17 -> 0 | W2: ='Live Leaderboard'!C15+'Live Leaderboard'!C16+'Live Leaderboard'!C17 -> 3
A3: ="scramble-2" -> scramble-2 | B3: ="cyder-cup-2026" -> cyder-cup-2026 | C3: ="session-1" -> session-1 | D3: =D2+1 -> 2 | E3: Team Red Scramble | F3: ="scramble" -> scramble | G3: ='Live Leaderboard'!F16 -> Not Started | H3: Group 2 | K3: ="all-red" -> all-red | M3: 46254 | N3: 3:50pm | P3: ='Live Leaderboard'!E16 -> 0 | T3: =IF(OR('Live Leaderboard'!D16="",'Live Leaderboard'!D16=0),"",IF(LOWER('Live Leaderboard'!D16)="navy","navy",IF(LOWER('Live Leaderboard'!D16)="red","red","halved"))) | U3: ='Live Leaderboard'!H16+'Live Leaderboard'!H17+'Live Leaderboard'!H18 -> 0 | V3: ='Live Leaderboard'!G16+'Live Leaderboard'!G17+'Live Leaderboard'!G18 -> 0 | W3: ='Live Leaderboard'!C16+'Live Leaderboard'!C17+'Live Leaderboard'!C18 -> 3
A4: ="fourball-1" -> fourball-1 | B4: ="cyder-cup-2026" -> cyder-cup-2026 | C4: ="session-4" -> session-4 | D4: =1 -> 1 | E4: ="Fourball #1" -> Fourball #1 | F4: ="fourball" -> fourball | G4: ='Live Leaderboard'!J27 -> Not Started | H4: Group 1 | I4: =IF('Live Leaderboard'!F27="","",IFERROR(INDEX('Player Stats'!$A$5:$A$12,MATCH('Live Leaderboard'!F27,'Player Stats'!$B$5:$B$12,0)),"")) -> navy-jj | J4: =IF('Live Leaderboard'!G27="","",IFERROR(INDEX('Player Stats'!$A$5:$A$12,MATCH('Live Leaderboard'!G27,'Player Stats'!$B$5:$B$12,0)),"")) -> navy-eric | K4: =IF('Live Leaderboard'!D27="","",IFERROR(INDEX('Player Stats'!$A$5:$A$12,MATCH('Live Leaderboard'!D27,'Player Stats'!$B$5:$B$12,0)),"")) -> red-kevin | L4: =IF('Live Leaderboard'!E27="","",IFERROR(INDEX('Player Stats'!$A$5:$A$12,MATCH('Live Leaderboard'!E27,'Player Stats'!$B$5:$B$12,0)),"")) -> red-sam | M4: 46255 | N4: 1:00pm | O4: ="" | P4: ='Live Leaderboard'!I27 -> 0 | T4: =IF(OR('Live Leaderboard'!H27="",'Live Leaderboard'!H27=0),"",IF(LOWER('Live Leaderboard'!H27)="navy","navy",IF(LOWER('Live Leaderboard'!H27)="red","red","halved"))) | U4: ='Live Leaderboard'!L28+'Live Leaderboard'!L29+'Live Leaderboard'!L30 -> 0 | V4: ='Live Leaderboard'!K28+'Live Leaderboard'!K29+'Live Leaderboard'!K30 -> 0 | W4: ='Live Leaderboard'!C28+'Live Leaderboard'!C29+'Live Leaderboard'!C30 -> 3
A5: ="fourball-2" -> fourball-2 | B5: ="cyder-cup-2026" -> cyder-cup-2026 | C5: ="session-4" -> session-4 | D5: =D4+1 -> 2 | E5: ="Fourball #2" -> Fourball #2 | F5: ="fourball" -> fourball | G5: ='Live Leaderboard'!J32 -> Not Started | H5: Group 2 | I5: =IF('Live Leaderboard'!F32="","",IFERROR(INDEX('Player Stats'!$A$5:$A$12,MATCH('Live Leaderboard'!F32,'Player Stats'!$B$5:$B$12,0)),"")) -> navy-steven | J5: =IF('Live Leaderboard'!G32="","",IFERROR(INDEX('Player Stats'!$A$5:$A$12,MATCH('Live Leaderboard'!G32,'Player Stats'!$B$5:$B$12,0)),"")) -> navy-george | K5: =IF('Live Leaderboard'!D32="","",IFERROR(INDEX('Player Stats'!$A$5:$A$12,MATCH('Live Leaderboard'!D32,'Player Stats'!$B$5:$B$12,0)),"")) -> red-sean | L5: =IF('Live Leaderboard'!E32="","",IFERROR(INDEX('Player Stats'!$A$5:$A$12,MATCH('Live Leaderboard'!E32,'Player Stats'!$B$5:$B$12,0)),"")) -> red-dylan | M5: 46255 | N5: 1:10pm | O5: ="" | P5: ='Live Leaderboard'!I32 -> 0 | T5: =IF(OR('Live Leaderboard'!H32="",'Live Leaderboard'!H32=0),"",IF(LOWER('Live Leaderboard'!H32)="navy","navy",IF(LOWER('Live Leaderboard'!H32)="red","red","halved"))) | U5: ='Live Leaderboard'!L33+'Live Leaderboard'!L34+'Live Leaderboard'!L35 -> 0 | V5: ='Live Leaderboard'!K33+'Live Leaderboard'!K34+'Live Leaderboard'!K35 -> 0 | W5: ='Live Leaderboard'!C33+'Live Leaderboard'!C34+'Live Leaderboard'!C35 -> 3
A6: ="singles-1" -> singles-1 | B6: ="cyder-cup-2026" -> cyder-cup-2026 | C6: ="session-8" -> session-8 | D6: 1 | E6: ="Singles #1" -> Singles #1 | F6: ="singles" -> singles | G6: ='Live Leaderboard'!J37 -> Not Started | H6: Group 1 | I6: =IF('Live Leaderboard'!F37="","",IFERROR(INDEX('Player Stats'!$A$5:$A$12,MATCH('Live Leaderboard'!F37,'Player Stats'!$B$5:$B$12,0)),"")) -> navy-jj | J6: ="" | K6: =IF('Live Leaderboard'!D37="","",IFERROR(INDEX('Player Stats'!$A$5:$A$12,MATCH('Live Leaderboard'!D37,'Player Stats'!$B$5:$B$12,0)),"")) -> red-sam | L6: ="" | M6: 46256 | N6: 1:00pm | O6: ="" | P6: ='Live Leaderboard'!I37 -> 0 | T6: =IF(OR('Live Leaderboard'!H37="",'Live Leaderboard'!H37=0),"",IF(LOWER('Live Leaderboard'!H37)="navy","navy",IF(LOWER('Live Leaderboard'!H37)="red","red","halved"))) | U6: ='Live Leaderboard'!L38+'Live Leaderboard'!L39+'Live Leaderboard'!L40 -> 0 | V6: ='Live Leaderboard'!K38+'Live Leaderboard'!K39+'Live Leaderboard'!K40 -> 0 | W6: ='Live Leaderboard'!C38+'Live Leaderboard'!C39+'Live Leaderboard'!C40 -> 4
A7: ="singles-2" -> singles-2 | B7: ="cyder-cup-2026" -> cyder-cup-2026 | C7: ="session-8" -> session-8 | D7: 2 | E7: ="Singles #2" -> Singles #2 | F7: ="singles" -> singles | G7: ='Live Leaderboard'!J42 -> Not Started | H7: Group 1 | I7: =IF('Live Leaderboard'!F42="","",IFERROR(INDEX('Player Stats'!$A$5:$A$12,MATCH('Live Leaderboard'!F42,'Player Stats'!$B$5:$B$12,0)),"")) -> navy-steven | J7: ="" | K7: =IF('Live Leaderboard'!D42="","",IFERROR(INDEX('Player Stats'!$A$5:$A$12,MATCH('Live Leaderboard'!D42,'Player Stats'!$B$5:$B$12,0)),"")) -> red-kevin | L7: ="" | M7: 46256 | N7: 1:10pm | O7: ="" | P7: ='Live Leaderboard'!I42 -> 0 | T7: =IF(OR('Live Leaderboard'!H42="",'Live Leaderboard'!H42=0),"",IF(LOWER('Live Leaderboard'!H42)="navy","navy",IF(LOWER('Live Leaderboard'!H42)="red","red","halved"))) | U7: ='Live Leaderboard'!L43+'Live Leaderboard'!L44+'Live Leaderboard'!L45 -> 0 | V7: ='Live Leaderboard'!K43+'Live Leaderboard'!K44+'Live Leaderboard'!K45 -> 0 | W7: ='Live Leaderboard'!C43+'Live Leaderboard'!C44+'Live Leaderboard'!C45 -> 4
A8: ="singles-3" -> singles-3 | B8: ="cyder-cup-2026" -> cyder-cup-2026 | C8: ="session-8" -> session-8 | D8: 3 | E8: ="Singles #3" -> Singles #3 | F8: ="singles" -> singles | G8: ='Live Leaderboard'!J47 -> Not Started | H8: Group 2 | I8: =IF('Live Leaderboard'!F47="","",IFERROR(INDEX('Player Stats'!$A$5:$A$12,MATCH('Live Leaderboard'!F47,'Player Stats'!$B$5:$B$12,0)),"")) -> navy-george | J8: ="" | K8: =IF('Live Leaderboard'!D47="","",IFERROR(INDEX('Player Stats'!$A$5:$A$12,MATCH('Live Leaderboard'!D47,'Player Stats'!$B$5:$B$12,0)),"")) -> red-sean | L8: ="" | M8: 46256 | N8: 1:20pm | O8: ="" | P8: ='Live Leaderboard'!I47 -> 0 | T8: =IF(OR('Live Leaderboard'!H47="",'Live Leaderboard'!H47=0),"",IF(LOWER('Live Leaderboard'!H47)="navy","navy",IF(LOWER('Live Leaderboard'!H47)="red","red","halved"))) | U8: ='Live Leaderboard'!L48+'Live Leaderboard'!L49+'Live Leaderboard'!L50 -> 0 | V8: ='Live Leaderboard'!K48+'Live Leaderboard'!K49+'Live Leaderboard'!K50 -> 0 | W8: ='Live Leaderboard'!C48+'Live Leaderboard'!C49+'Live Leaderboard'!C50 -> 4
A9: ="singles-4" -> singles-4 | B9: ="cyder-cup-2026" -> cyder-cup-2026 | C9: ="session-8" -> session-8 | D9: 4 | E9: ="Singles #4" -> Singles #4 | F9: ="singles" -> singles | G9: ='Live Leaderboard'!J52 -> Not Started | H9: Group 2 | I9: =IF('Live Leaderboard'!F52="","",IFERROR(INDEX('Player Stats'!$A$5:$A$12,MATCH('Live Leaderboard'!F52,'Player Stats'!$B$5:$B$12,0)),"")) -> navy-eric | J9: ="" | K9: =IF('Live Leaderboard'!D52="","",IFERROR(INDEX('Player Stats'!$A$5:$A$12,MATCH('Live Leaderboard'!D52,'Player Stats'!$B$5:$B$12,0)),"")) -> red-dylan | L9: ="" | M9: 46256 | N9: 1:30pm | O9: ="" | P9: ='Live Leaderboard'!I52 -> 0 | T9: =IF(OR('Live Leaderboard'!H52="",'Live Leaderboard'!H52=0),"",IF(LOWER('Live Leaderboard'!H52)="navy","navy",IF(LOWER('Live Leaderboard'!H52)="red","red","halved"))) | U9: ='Live Leaderboard'!L53+'Live Leaderboard'!L54+'Live Leaderboard'!L55 -> 0 | V9: ='Live Leaderboard'!K53+'Live Leaderboard'!K54+'Live Leaderboard'!K55 -> 0 | W9: ='Live Leaderboard'!C53+'Live Leaderboard'!C54+'Live Leaderboard'!C55 -> 4
A10: ="Evening Events-1" -> Evening Events-1 | B10: ="cyder-cup-2026" -> cyder-cup-2026 | C10: ="session-2" -> session-2 | D10: 1 | E10: Chesties | F10: ="drinking-game" -> drinking-game | G10: ='Live Leaderboard'!F18 -> Not Started | I10: ="all-navy" -> all-navy | K10: ="all-red" -> all-red | M10: 46254 | N10: 9:00pm | O10: ="" | P10: ='Live Leaderboard'!E18 -> 0 | T10: =IF(OR('Live Leaderboard'!H53="",'Live Leaderboard'!H53=0),"",IF(LOWER('Live Leaderboard'!H53)="navy","navy",IF(LOWER('Live Leaderboard'!H53)="red","red","halved"))) | U10: ='Live Leaderboard'!H18 -> 0 | V10: ='Live Leaderboard'!G18 -> 0 | W10: ='Live Leaderboard'!C18 -> 1
A11: ="Evening Events-2" -> Evening Events-2 | B11: ="cyder-cup-2026" -> cyder-cup-2026 | C11: ="session-3" -> session-3 | D11: 2 | E11: Flip cup | F11: ="drinking-game" -> drinking-game | G11: ='Live Leaderboard'!F19 -> Not Started | I11: ="all-navy" -> all-navy | K11: ="all-red" -> all-red | M11: 46254 | N11: 10:00pm | P11: ='Live Leaderboard'!E19 -> 0 | U11: ='Live Leaderboard'!H19 -> 0 | V11: ='Live Leaderboard'!G19 -> 0 | W11: ='Live Leaderboard'!C19 -> 1
A12: ="Evening Events-3" -> Evening Events-3 | B12: ="cyder-cup-2026" -> cyder-cup-2026 | C12: ="session-5" -> session-5 | D12: 3 | E12: Beer pong | F12: ="drinking-game" -> drinking-game | G12: ='Live Leaderboard'!F20 -> Not Started | I12: ="all-navy" -> all-navy | K12: ="all-red" -> all-red | M12: 46255 | N12: 8:00pm | P12: ='Live Leaderboard'!E20 -> 0 | U12: ='Live Leaderboard'!H20 -> 0 | V12: ='Live Leaderboard'!G20 -> 0 | W12: ='Live Leaderboard'!C20 -> 1
A13: ="Evening Events-4" -> Evening Events-4 | B13: ="cyder-cup-2026" -> cyder-cup-2026 | C13: ="session-6" -> session-6 | D13: 4 | E13: Relay race | F13: ="drinking-game" -> drinking-game | G13: ='Live Leaderboard'!F21 -> Not Started | I13: ="all-navy" -> all-navy | K13: ="all-red" -> all-red | M13: 46255 | N13: 9:00pm | P13: ='Live Leaderboard'!E21 -> 0 | U13: ='Live Leaderboard'!H21 -> 0 | V13: ='Live Leaderboard'!G21 -> 0 | W13: ='Live Leaderboard'!C21 -> 1
A14: ="Evening Events-5" -> Evening Events-5 | B14: ="cyder-cup-2026" -> cyder-cup-2026 | C14: ="session-7" -> session-7 | D14: 5 | E14: Beer darts | F14: ="drinking-game" -> drinking-game | G14: ='Live Leaderboard'!F22 -> Not Started | I14: ="all-navy" -> all-navy | K14: ="all-red" -> all-red | M14: 46255 | N14: 10:00pm | P14: ='Live Leaderboard'!E22 -> 0 | U14: ='Live Leaderboard'!H22 -> 0 | V14: ='Live Leaderboard'!G22 -> 0 | W14: ='Live Leaderboard'!C22 -> 1

Sheet Feed - Players
A1: player_id | B1: first_name | C1: last_name | D1: display_name | E1: team_id | F1: active | G1: handicap | H1: hometown | I1: home_course | J1: favorite_drink | K1: walkout_music | L1: bio | M1: career_wins | N1: career_losses | O1: career_ties | P1: career_matches | Q1: career_points | R1: career_points_percentage | S1: photo_key
A2: ='Player Stats'!A5 -> red-sam | B2: ='Player Stats'!M5 -> Sam | C2: ='Player Stats'!N5 -> Griffiths | D2: ='Player Stats'!B5 -> Sam Griffiths | E2: =LOWER('Player Stats'!C5) -> red | F2: =IF('Player Stats'!D5="Yes",TRUE,FALSE) -> TRUE | G2: ='Player Stats'!O5 -> 13 | H2: ='Player Stats'!P5 -> North Vancouver, British Columbia | I2: ='Player Stats'!Q5 -> Sunningdale Golf Club | J2: ='Player Stats'!R5 -> Guinness | K2: ='Player Stats'!S5 -> I Don’t Wanna Be – Gavin Degraw | L2: ='Player Stats'!T5 -> An original founder of the Cyder Cup. Sam's golf game closely mirrors his excel spreadsheets; aesthetically pleasing to the eye, often over-engineered, and on rare occasion has no #VALUE. | M2: ='Player Stats'!E5 -> 8 | N2: ='Player Stats'!F5 -> 6 | O2: ='Player Stats'!G5 -> 1 | P2: ='Player Stats'!H5 -> 15 | Q2: ='Player Stats'!E5+'Player Stats'!G5*0.5 -> 8.5 | R2: ='Player Stats'!I5 -> 0.56666667 | S2: ='Player Stats'!U5 -> red-sam
A3: ='Player Stats'!A6 -> red-kevin | B3: ='Player Stats'!M6 -> Kevin | C3: ='Player Stats'!N6 -> Catliff | D3: ='Player Stats'!B6 -> Kevin Catliff | E3: =LOWER('Player Stats'!C6) -> red | F3: =IF('Player Stats'!D6="Yes",TRUE,FALSE) -> TRUE | G3: ='Player Stats'!O6 -> 8 | H3: ='Player Stats'!P6 -> Vancouver, British Columbia | I3: ='Player Stats'!Q6 -> Bowen Island Golf Club | J3: ='Player Stats'!R6 -> Suntory | K3: ='Player Stats'!S6 -> Heaven Takes You Home - SHM | L3: ='Player Stats'!T6 -> One half of the lefty brothers. As good at sinking putts and he is sinking ping pong balls. Proudly hold the worst athleticism-to-swing speed ratio. | M3: ='Player Stats'!E6 -> 6 | N3: ='Player Stats'!F6 -> 8 | O3: ='Player Stats'!G6 -> 1 | P3: ='Player Stats'!H6 -> 15 | Q3: ='Player Stats'!E6+'Player Stats'!G6*0.5 -> 6.5 | R3: ='Player Stats'!I6 -> 0.43333333 | S3: ='Player Stats'!U6 -> red-kevin
A4: ='Player Stats'!A7 -> red-sean | B4: ='Player Stats'!M7 -> Sean | C4: ='Player Stats'!N7 -> Bromley | D4: ='Player Stats'!B7 -> Sean Bromley | E4: =LOWER('Player Stats'!C7) -> red | F4: =IF('Player Stats'!D7="Yes",TRUE,FALSE) -> TRUE | G4: ='Player Stats'!O7 -> 21 | H4: ='Player Stats'!P7 -> Vancouver, British Columbia | I4: ='Player Stats'!Q7 -> Capilano Golf and Country Club | J4: ='Player Stats'!R7 -> Whiskey | K4: ='Player Stats'!S7 -> Beer Never Broke My Heart - Luke Combs | L4: ='Player Stats'!T7 -> Sean has become the sneaky backbone of the Cyder Cup culture. Whether its his energy or his golf, Sean never goes below 100. | M4: ='Player Stats'!E7 -> 5 | N4: ='Player Stats'!F7 -> 10 | O4: ='Player Stats'!G7 -> 0 | P4: ='Player Stats'!H7 -> 15 | Q4: ='Player Stats'!E7+'Player Stats'!G7*0.5 -> 5 | R4: ='Player Stats'!I7 -> 0.33333333 | S4: ='Player Stats'!U7 -> red-sean
A5: ='Player Stats'!A8 -> red-dylan | B5: ='Player Stats'!M8 -> Dylan | C5: ='Player Stats'!N8 -> Bradley | D5: ='Player Stats'!B8 -> Dylan Bradley | E5: =LOWER('Player Stats'!C8) -> red | F5: =IF('Player Stats'!D8="Yes",TRUE,FALSE) -> TRUE | G5: ='Player Stats'!O8 -> 15 | H5: ='Player Stats'!P8 -> Pitt Meadows, British Columbia | I5: ='Player Stats'!Q8 -> Pitt Meadows Golf Club | J5: ='Player Stats'!R8 -> Tequila Soda | K5: ='Player Stats'!S8 -> Shook Ones – Mobb Deep | L5: ='Player Stats'!T8 -> Breaking records and breaking (his own) bones. Known for his fiery personality, Dylan spends Cyder Cup weekend seeing red—both physically and mentally. No player is more due for a breakout performance in 2026. | M5: ='Player Stats'!E8 -> 4 | N5: ='Player Stats'!F8 -> 11 | O5: ='Player Stats'!G8 -> 0 | P5: ='Player Stats'!H8 -> 15 | Q5: ='Player Stats'!E8+'Player Stats'!G8*0.5 -> 4 | R5: ='Player Stats'!I8 -> 0.26666667 | S5: ='Player Stats'!U8 -> red-dylan
A6: ='Player Stats'!A9 -> navy-eric | B6: ='Player Stats'!M9 -> Eric | C6: ='Player Stats'!N9 -> Bleim | D6: ='Player Stats'!B9 -> Eric Bleim | E6: =LOWER('Player Stats'!C9) -> navy | F6: =IF('Player Stats'!D9="Yes",TRUE,FALSE) -> TRUE | G6: ='Player Stats'!O9 -> 16 | H6: ='Player Stats'!P9 -> North Vancouver, British Columbia | I6: ='Player Stats'!Q9 -> The Redwoods Golf Course | J6: ='Player Stats'!R9 -> Orange Crush (zero sugar) | K6: ='Player Stats'!S9 -> Pink Pony Club – Chappell Roan | L6: ='Player Stats'!T9 -> An original founder of the Cyder Cup. Currently seeing the numbers on the scale go down and numbers on the scorecard go up. | M6: ='Player Stats'!E9 -> 8 | N6: ='Player Stats'!F9 -> 7 | O6: ='Player Stats'!G9 -> 0 | P6: ='Player Stats'!H9 -> 15 | Q6: ='Player Stats'!E9+'Player Stats'!G9*0.5 -> 8 | R6: ='Player Stats'!I9 -> 0.53333333 | S6: ='Player Stats'!U9 -> navy-eric
A7: ='Player Stats'!A10 -> navy-george | B7: ='Player Stats'!M10 -> George | C7: ='Player Stats'!N10 -> Collister | D7: ='Player Stats'!B10 -> George Collister | E7: =LOWER('Player Stats'!C10) -> navy | F7: =IF('Player Stats'!D10="Yes",TRUE,FALSE) -> TRUE | G7: ='Player Stats'!O10 -> 12 | H7: ='Player Stats'!P10 -> Langley, British Columbia | I7: ='Player Stats'!Q10 -> The Redwoods Golf Course | J7: ='Player Stats'!R10 -> Miller Lite | K7: ='Player Stats'!S10 -> Money for nothing – Dire Straights | L7: ='Player Stats'!T10 -> George can't flip a cup but he can certainly flip a match. Known for bringing his corporate professionalism to the party. | M7: ='Player Stats'!E10 -> 9 | N7: ='Player Stats'!F10 -> 6 | O7: ='Player Stats'!G10 -> 0 | P7: ='Player Stats'!H10 -> 15 | Q7: ='Player Stats'!E10+'Player Stats'!G10*0.5 -> 9 | R7: ='Player Stats'!I10 -> 0.6 | S7: ='Player Stats'!U10 -> navy-george
A8: ='Player Stats'!A11 -> navy-steven | B8: ='Player Stats'!M11 -> Steve | C8: ='Player Stats'!N11 -> Wells | D8: ='Player Stats'!B11 -> Steve Wells | E8: =LOWER('Player Stats'!C11) -> navy | F8: =IF('Player Stats'!D11="Yes",TRUE,FALSE) -> TRUE | G8: ='Player Stats'!O11 -> 24 | H8: ='Player Stats'!P11 -> North Vancouver, British Columbia | I8: ='Player Stats'!Q11 -> Royal Porthcawl | J8: ='Player Stats'!R11 -> Peppermint tea | K8: ='Player Stats'!S11 -> Holding out for a Hero - RIP Bonnie | L8: ='Player Stats'!T11 -> Regarded as the Dad of the group. Steve's special talent is his ability to 4-putt multiple times in a round yet still not lose. Team Navy's most winningest player in the history of the Cyder Cup. | M8: ='Player Stats'!E11 -> 10 | N8: ='Player Stats'!F11 -> 5 | O8: ='Player Stats'!G11 -> 0 | P8: ='Player Stats'!H11 -> 15 | Q8: ='Player Stats'!E11+'Player Stats'!G11*0.5 -> 10 | R8: ='Player Stats'!I11 -> 0.66666667 | S8: ='Player Stats'!U11 -> navy-steve
A9: ='Player Stats'!A12 -> navy-jj | B9: ='Player Stats'!M12 -> JJ | C9: ='Player Stats'!N12 -> Meakings | D9: ='Player Stats'!B12 -> JJ Meakings | E9: =LOWER('Player Stats'!C12) -> navy | F9: =IF('Player Stats'!D12="Yes",TRUE,FALSE) -> TRUE | G9: ='Player Stats'!O12 -> 5 | H9: ='Player Stats'!P12 -> Scottsdale, Arizona | I9: ='Player Stats'!Q12 -> Trilogy Golf Club at Vistancia | J9: ='Player Stats'!R12 -> Diet Coke | K9: ='Player Stats'!S12 -> Talk of the Town – Fred Again | L9: ='Player Stats'!T12 -> Running away from his problems in Scottsdale, Arizona, JJ is known for playing good golf every weekend except the Cyder Cup weekend. Only player to bring extras clubs to the Cyder Cup given the high likelihood one gets snapped in half or stuck in a tree. | M9: ='Player Stats'!E12 -> 8 | N9: ='Player Stats'!F12 -> 5 | O9: ='Player Stats'!G12 -> 2 | P9: ='Player Stats'!H12 -> 15 | Q9: ='Player Stats'!E12+'Player Stats'!G12*0.5 -> 9 | R9: ='Player Stats'!I12 -> 0.6 | S9: ='Player Stats'!U12 -> navy-jj

Sheet Feed - Tournaments
A1: tournament_id | B1: year | C1: name | D1: venue | E1: city | F1: region | G1: country | H1: start_date | I1: end_date | J1: status | K1: winning_team | L1: navy_points | M1: red_points | N1: points_to_win | O1: winning captain | P1: mvp_player_id | Q1: summary | R1: full_write_up | S1: hero_image_key | T1: gallery_folder | U1: format_label | V1: content_status
A2: ="cyder-cup-"&TEXT('Record Book'!A7,"0") -> cyder-cup-2019 | B2: ='Record Book'!A7 -> 2019 | C2: ="Cyder Cup "&TEXT(B2,"0") -> Cyder Cup 2019 | D2: Tobiano Golf Course | The Dunes Golf Course | Sun Peaks Golf Course | E2: Kamloops | F2: British Columbia | G2: Canada | H2: 43680 | I2: 43682 | J2: ="complete" -> complete | K2: =LOWER('Record Book'!B7) -> navy | L2: ='Record Book'!F7 -> 13.5 | M2: ='Record Book'!E7 -> 1.5 | N2: =15.5 -> 15.5 | O2: ='Record Book'!C7 -> Eric Bleim | P2: ="" | Q2: ="The "&TEXT(B2,"0")&" Cyder Cup was won by Team "&PROPER(K2)&" "&'Record Book'!D7&"." -> The 2019 Cyder Cup was won by Team Navy 13.5 - 1.5. | T2: history/2019 | V2: Published
A3: ="cyder-cup-"&TEXT('Record Book'!A8,"0") -> cyder-cup-2020 | B3: ='Record Book'!A8 -> 2020 | C3: ="Cyder Cup "&TEXT(B3,"0") -> Cyder Cup 2020 | D3: Tobiano Golf Course | Eaglepoint Golf Resort | Bighorn Golf and Country Club | E3: Kamloops | F3: British Columbia | G3: Canada | H3: 44044 | I3: 44046 | J3: ="complete" -> complete | K3: =LOWER('Record Book'!B8) -> red | L3: ='Record Book'!F8 -> 5 | M3: ='Record Book'!E8 -> 10 | N3: =15.5 -> 15.5 | O3: ='Record Book'!C8 -> Kevin Catliff | P3: ="" | Q3: ="The "&TEXT(B3,"0")&" Cyder Cup was won by Team "&PROPER(K3)&" "&'Record Book'!D8&"." -> The 2020 Cyder Cup was won by Team Red 10 - 5. | T3: history/2020 | V3: Published
A4: ="cyder-cup-"&TEXT('Record Book'!A9,"0") -> cyder-cup-2021 | B4: ='Record Book'!A9 -> 2021 | C4: ="Cyder Cup "&TEXT(B4,"0") -> Cyder Cup 2021 | D4: Tobiano Golf Course | Talking Rock Golf Resort | Sun Peaks Golf Resort | E4: Kamloops | F4: British Columbia | G4: Canada | H4: 44385 | I4: 44387 | J4: ="complete" -> complete | K4: =LOWER('Record Book'!B9) -> red | L4: ='Record Book'!F9 -> 6 | M4: ='Record Book'!E9 -> 9 | N4: =15.5 -> 15.5 | O4: ='Record Book'!C9 -> Dylan Bradley | P4: ="" | Q4: ="The "&TEXT(B4,"0")&" Cyder Cup was won by Team "&PROPER(K4)&" "&'Record Book'!D9&"." -> The 2021 Cyder Cup was won by Team Red 9 - 6. | T4: history/2021 | V4: Published
A5: ="cyder-cup-"&TEXT('Record Book'!A10,"0") -> cyder-cup-2022 | B5: ='Record Book'!A10 -> 2022 | C5: ="Cyder Cup "&TEXT(B5,"0") -> Cyder Cup 2022 | D5: Nicklaus North Golf Course | Big Sky Golf Club | Sunstone Golf Club | E5: Pemberton | F5: British Columbia | G5: Canada | H5: 44792 | I5: 44794 | J5: ="complete" -> complete | K5: =LOWER('Record Book'!B10) -> navy | L5: ='Record Book'!F10 -> 8 | M5: ='Record Book'!E10 -> 7 | N5: =15.5 -> 15.5 | O5: ='Record Book'!C10 -> JJ Meakings | P5: ="" | Q5: ="The "&TEXT(B5,"0")&" Cyder Cup was won by Team "&PROPER(K5)&" "&'Record Book'!D10&"." -> The 2022 Cyder Cup was won by Team Navy 8 - 7. | T5: history/2022 | V5: Published
A6: ="cyder-cup-"&TEXT('Record Book'!A11,"0") -> cyder-cup-2025 | B6: ='Record Book'!A11 -> 2025 | C6: ="Cyder Cup "&TEXT(B6,"0") -> Cyder Cup 2025 | D6: Fairmont Chateau | Big Sky Golf Club | Whistler Golf Course | E6: Whistler | F6: British Columbia | G6: Canada | H6: 45881 | I6: 45884 | J6: ="complete" -> complete | K6: =LOWER('Record Book'!B11) -> navy | L6: ='Record Book'!F11 -> 9.5 | M6: ='Record Book'!E11 -> 5.5 | N6: =15.5 -> 15.5 | O6: ='Record Book'!C11 -> Eric Bleim | P6: ="" | Q6: ="The "&TEXT(B6,"0")&" Cyder Cup was won by Team "&PROPER(K6)&" "&'Record Book'!D11&"." -> The 2025 Cyder Cup was won by Team Navy 9.5 - 5.5. | T6: history/2025 | U6: Team Vs. Team 4-man Scramble | V6: Published
A7: cyder-cup-2026 | B7: 2026 | C7: Cyder Cup 2026 | D7: Predator Ridge Golf Club | Predator Ridge Resort | E7: Vernon | F7: British Columbia | G7: Canada | H7: 46254 | I7: 46257 | J7: upcoming | L7: ='Live Leaderboard'!A7 -> 0 | M7: ='Live Leaderboard'!I7 -> 0 | N7: ='Live Leaderboard'!B3 -> 15.5 | Q7: The 2026 Cyder Cup is the current tournament. | T7: history/2026 | U7: Team Vs. Team 4-man Scramble | V7: Draft

Sheet Feed - Records
A1: record_id | B1: category | C1: title | D1: holder_type | E1: player_id | F1: team_id | G1: holder_name | H1: value | I1: display_value | J1: year | K1: description | L1: sort_order | N1: captain_name | O1: cup_wins
A2: career-most-wins | B2: career | C2: Most Career Wins | D2: player | E2: =INDEX('Player Stats'!$A$5:$A$12,MATCH(MAX('Player Stats'!$E$5:$E$12),'Player Stats'!$E$5:$E$12,0)) -> navy-steven | G2: =INDEX('Player Stats'!$B$5:$B$12,MATCH(MAX('Player Stats'!$E$5:$E$12),'Player Stats'!$E$5:$E$12,0)) -> Steve Wells | H2: =MAX('Player Stats'!$E$5:$E$12) -> 10 | I2: =TEXT(H2,"0")&" wins" -> 10 wins | K2: Player with the most career match wins. | L2: 10 | N2: ='Player Stats'!B5 -> Sam Griffiths | O2: =COUNTIF('Feed - Tournaments'!$O$2:$O$7,N2) -> 0
A3: career-best-points-pct | B3: career | C3: Best Career Points Percentage | D3: player | E3: =INDEX('Player Stats'!$A$5:$A$12,MATCH(MAX('Player Stats'!$I$5:$I$12),'Player Stats'!$I$5:$I$12,0)) -> navy-steven | G3: =INDEX('Player Stats'!$B$5:$B$12,MATCH(MAX('Player Stats'!$I$5:$I$12),'Player Stats'!$I$5:$I$12,0)) -> Steve Wells | H3: =MAX('Player Stats'!$I$5:$I$12) -> 0.66666667 | I3: =TEXT(H3,"0.0%")&"" -> 66.7% | K3: Player with the highest career points percentage. | L3: 20 | N3: ='Player Stats'!B6 -> Kevin Catliff | O3: =COUNTIF('Feed - Tournaments'!$O$2:$O$7,N3) -> 1
A4: career-most-losses | B4: career | C4: Most Career Losses | D4: player | E4: =INDEX('Player Stats'!$A$5:$A$12,MATCH(MAX('Player Stats'!$F$5:$F$12),'Player Stats'!$F$5:$F$12,0)) -> red-dylan | G4: =INDEX('Player Stats'!$B$5:$B$12,MATCH(MAX('Player Stats'!$F$5:$F$12),'Player Stats'!$F$5:$F$12,0)) -> Dylan Bradley | H4: =MAX('Player Stats'!$F$5:$F$12) -> 11 | I4: =TEXT(H4,"0")&" losses" -> 11 losses | K4: Player with the most career match losses. | L4: 30 | N4: ='Player Stats'!B7 -> Sean Bromley | O4: =COUNTIF('Feed - Tournaments'!$O$2:$O$7,N4) -> 0
A5: career-most-ties | B5: career | C5: Most Career Ties | D5: player | E5: =INDEX('Player Stats'!$A$5:$A$12,MATCH(MAX('Player Stats'!$G$5:$G$12),'Player Stats'!$G$5:$G$12,0)) -> navy-jj | G5: =INDEX('Player Stats'!$B$5:$B$12,MATCH(MAX('Player Stats'!$G$5:$G$12),'Player Stats'!$G$5:$G$12,0)) -> JJ Meakings | H5: =MAX('Player Stats'!$G$5:$G$12) -> 2 | I5: =TEXT(H5,"0")&" ties" -> 2 ties | K5: Player with the most career tied matches. | L5: 40 | N5: ='Player Stats'!B8 -> Dylan Bradley | O5: =COUNTIF('Feed - Tournaments'!$O$2:$O$7,N5) -> 1
A6: team-most-titles | B6: team | C6: Most Cyder Cup Titles | D6: team | F6: =IF(COUNTIF('Feed - Tournaments'!$K$2:$K$7,"navy")>=COUNTIF('Feed - Tournaments'!$K$2:$K$7,"red"),"navy","red") -> navy | G6: =PROPER(F6) -> Navy | H6: =MAX(COUNTIF('Feed - Tournaments'!$K$2:$K$7,"navy"),COUNTIF('Feed - Tournaments'!$K$2:$K$7,"red")) -> 3 | I6: =TEXT(H6,"0")&" titles" -> 3 titles | K6: Team with the most completed Cyder Cup victories. | L6: 50 | N6: ='Player Stats'!B9 -> Eric Bleim | O6: =COUNTIF('Feed - Tournaments'!$O$2:$O$7,N6) -> 2
A7: captain-most-wins | B7: captain | C7: Most Captain Victories | D7: player | E7: =INDEX('Player Stats'!$A$5:$A$12,MATCH(MAX($O$2:$O$9),$O$2:$O$9,0)) -> navy-eric | G7: =INDEX($N$2:$N$9,MATCH(MAX($O$2:$O$9),$O$2:$O$9,0)) -> Eric Bleim | H7: =MAX($O$2:$O$9) -> 2 | I7: =TEXT(H7,"0")&" captain victories" -> 2 captain victories | K7: Captain with the most Cyder Cup victories. | L7: 60 | N7: ='Player Stats'!B10 -> George Collister | O7: =COUNTIF('Feed - Tournaments'!$O$2:$O$7,N7) -> 0
A8: singles-most-wins | B8: format | C8: Most Singles Wins | D8: player | E8: =INDEX($N$13:$N$20,MATCH(MAX($Q$13:$Q$20),$Q$13:$Q$20,0)) -> red-sam | F8: =INDEX($P$13:$P$20,MATCH(MAX($Q$13:$Q$20),$Q$13:$Q$20,0)) -> red | G8: =INDEX($O$13:$O$20,MATCH(MAX($Q$13:$Q$20),$Q$13:$Q$20,0)) -> Sam Griffiths | H8: =MAX($Q$13:$Q$20) -> 3 | I8: =TEXT(H8,"0")&" wins" -> 3 wins | K8: Player with the most historical singles wins. | L8: 70 | N8: ='Player Stats'!B11 -> Steve Wells | O8: =COUNTIF('Feed - Tournaments'!$O$2:$O$7,N8) -> 0
A9: singles-best-pct | B9: format | C9: Best Singles Win Percentage | D9: player | E9: =INDEX($N$13:$N$20,MATCH(MAX($T$13:$T$20),$T$13:$T$20,0)) -> red-sam | F9: =INDEX($P$13:$P$20,MATCH(MAX($T$13:$T$20),$T$13:$T$20,0)) -> red | G9: =INDEX($O$13:$O$20,MATCH(MAX($T$13:$T$20),$T$13:$T$20,0)) -> Sam Griffiths | H9: =MAX($T$13:$T$20) -> 0.7 | I9: =TEXT(H9,"0.0%")&"" -> 70.0% | K9: Player with the best singles points percentage. | L9: 80 | N9: ='Player Stats'!B12 -> JJ Meakings | O9: =COUNTIF('Feed - Tournaments'!$O$2:$O$7,N9) -> 1
A10: fourball-most-wins | B10: format | C10: Most Fourball Wins | D10: player | E10: =INDEX($N$13:$N$20,MATCH(MAX($U$13:$U$20),$U$13:$U$20,0)) -> red-sam | F10: =INDEX($P$13:$P$20,MATCH(MAX($U$13:$U$20),$U$13:$U$20,0)) -> red | G10: =INDEX($O$13:$O$20,MATCH(MAX($U$13:$U$20),$U$13:$U$20,0)) -> Sam Griffiths | H10: =MAX($U$13:$U$20) -> 3 | I10: =TEXT(H10,"0")&" wins" -> 3 wins | K10: Player with the most historical fourball wins. | L10: 90
A11: fourball-best-pct | B11: format | C11: Best Fourball Win Percentage | D11: player | E11: =INDEX($N$13:$N$20,MATCH(MAX($X$13:$X$20),$X$13:$X$20,0)) -> red-sam | F11: =INDEX($P$13:$P$20,MATCH(MAX($X$13:$X$20),$X$13:$X$20,0)) -> red | G11: =INDEX($O$13:$O$20,MATCH(MAX($X$13:$X$20),$X$13:$X$20,0)) -> Sam Griffiths | H11: =MAX($X$13:$X$20) -> 0.6 | I11: =TEXT(H11,"0.0%")&"" -> 60.0% | K11: Player with the best fourball points percentage. | L11: 100
A12: scramble-most-wins | B12: format | C12: Most Scramble Wins | D12: player | E12: =INDEX($N$13:$N$20,MATCH(MAX($Y$13:$Y$20),$Y$13:$Y$20,0)) -> navy-steven | F12: =INDEX($P$13:$P$20,MATCH(MAX($Y$13:$Y$20),$Y$13:$Y$20,0)) -> navy | G12: =INDEX($O$13:$O$20,MATCH(MAX($Y$13:$Y$20),$Y$13:$Y$20,0)) -> Steve Wells | H12: =MAX($Y$13:$Y$20) -> 3 | I12: =TEXT(H12,"0")&" wins" -> 3 wins | K12: Player with the most historical scramble wins. | L12: 110 | N12: player_id | O12: player_name | P12: team_id | Q12: singles_w | R12: singles_l | S12: singles_t | T12: singles_pct | U12: fourball_w | V12: fourball_l | W12: fourball_t | X12: fourball_pct | Y12: scramble_w | Z12: scramble_l | AA12: scramble_t | AB12: scramble_pct
A13: scramble-best-pct | B13: format | C13: Best Scramble Win Percentage | D13: player | E13: =INDEX($N$13:$N$20,MATCH(MAX($AB$13:$AB$20),$AB$13:$AB$20,0)) -> navy-steven | F13: =INDEX($P$13:$P$20,MATCH(MAX($AB$13:$AB$20),$AB$13:$AB$20,0)) -> navy | G13: =INDEX($O$13:$O$20,MATCH(MAX($AB$13:$AB$20),$AB$13:$AB$20,0)) -> Steve Wells | H13: =MAX($AB$13:$AB$20) -> 0.75 | I13: =TEXT(H13,"0.0%")&"" -> 75.0% | K13: Player with the best scramble points percentage. | L13: 120 | N13: ='Player Stats'!A5 -> red-sam | O13: ='Player Stats'!B5 -> Sam Griffiths | P13: =LOWER('Player Stats'!C5) -> red | Q13: =COUNTIFS('Record Book'!$C$29:$C$196,"Singles",'Record Book'!$E$29:$E$196,$O13,'Record Book'!$I$29:$I$196,"W") -> 3 | R13: =COUNTIFS('Record Book'!$C$29:$C$196,"Singles",'Record Book'!$E$29:$E$196,$O13,'Record Book'!$I$29:$I$196,"L") -> 1 | S13: =COUNTIFS('Record Book'!$C$29:$C$196,"Singles",'Record Book'!$E$29:$E$196,$O13,'Record Book'!$I$29:$I$196,"T") -> 1 | T13: =IF(SUM(Q13:S13)=0,0,(Q13+0.5*S13)/SUM(Q13:S13)) -> 0.7 | U13: =COUNTIFS('Record Book'!$C$29:$C$196,"Fourball",'Record Book'!$E$29:$E$196,$O13,'Record Book'!$I$29:$I$196,"W") -> 3 | V13: =COUNTIFS('Record Book'!$C$29:$C$196,"Fourball",'Record Book'!$E$29:$E$196,$O13,'Record Book'!$I$29:$I$196,"L") -> 2 | W13: =COUNTIFS('Record Book'!$C$29:$C$196,"Fourball",'Record Book'!$E$29:$E$196,$O13,'Record Book'!$I$29:$I$196,"T") -> 0 | X13: =IF(SUM(U13:W13)=0,0,(U13+0.5*W13)/SUM(U13:W13)) -> 0.6 | Y13: =COUNTIFS('Record Book'!$C$29:$C$196,"Scramble",'Record Book'!$E$29:$E$196,$O13,'Record Book'!$I$29:$I$196,"W") -> 2 | Z13: =COUNTIFS('Record Book'!$C$29:$C$196,"Scramble",'Record Book'!$E$29:$E$196,$O13,'Record Book'!$I$29:$I$196,"L") -> 2 | AA13: =COUNTIFS('Record Book'!$C$29:$C$196,"Scramble",'Record Book'!$E$29:$E$196,$O13,'Record Book'!$I$29:$I$196,"T") -> 0 | AB13: =IF(SUM(Y13:AA13)=0,0,(Y13+0.5*AA13)/SUM(Y13:AA13)) -> 0.5
N14: ='Player Stats'!A6 -> red-kevin | O14: ='Player Stats'!B6 -> Kevin Catliff | P14: =LOWER('Player Stats'!C6) -> red | Q14: =COUNTIFS('Record Book'!$C$29:$C$196,"Singles",'Record Book'!$E$29:$E$196,$O14,'Record Book'!$I$29:$I$196,"W") -> 3 | R14: =COUNTIFS('Record Book'!$C$29:$C$196,"Singles",'Record Book'!$E$29:$E$196,$O14,'Record Book'!$I$29:$I$196,"L") -> 1 | S14: =COUNTIFS('Record Book'!$C$29:$C$196,"Singles",'Record Book'!$E$29:$E$196,$O14,'Record Book'!$I$29:$I$196,"T") -> 1 | T14: =IF(SUM(Q14:S14)=0,0,(Q14+0.5*S14)/SUM(Q14:S14)) -> 0.7 | U14: =COUNTIFS('Record Book'!$C$29:$C$196,"Fourball",'Record Book'!$E$29:$E$196,$O14,'Record Book'!$I$29:$I$196,"W") -> 1 | V14: =COUNTIFS('Record Book'!$C$29:$C$196,"Fourball",'Record Book'!$E$29:$E$196,$O14,'Record Book'!$I$29:$I$196,"L") -> 4 | W14: =COUNTIFS('Record Book'!$C$29:$C$196,"Fourball",'Record Book'!$E$29:$E$196,$O14,'Record Book'!$I$29:$I$196,"T") -> 0 | X14: =IF(SUM(U14:W14)=0,0,(U14+0.5*W14)/SUM(U14:W14)) -> 0.2 | Y14: =COUNTIFS('Record Book'!$C$29:$C$196,"Scramble",'Record Book'!$E$29:$E$196,$O14,'Record Book'!$I$29:$I$196,"W") -> 2 | Z14: =COUNTIFS('Record Book'!$C$29:$C$196,"Scramble",'Record Book'!$E$29:$E$196,$O14,'Record Book'!$I$29:$I$196,"L") -> 2 | AA14: =COUNTIFS('Record Book'!$C$29:$C$196,"Scramble",'Record Book'!$E$29:$E$196,$O14,'Record Book'!$I$29:$I$196,"T") -> 0 | AB14: =IF(SUM(Y14:AA14)=0,0,(Y14+0.5*AA14)/SUM(Y14:AA14)) -> 0.5
N15: ='Player Stats'!A7 -> red-sean | O15: ='Player Stats'!B7 -> Sean Bromley | P15: =LOWER('Player Stats'!C7) -> red | Q15: =COUNTIFS('Record Book'!$C$29:$C$196,"Singles",'Record Book'!$E$29:$E$196,$O15,'Record Book'!$I$29:$I$196,"W") -> 1 | R15: =COUNTIFS('Record Book'!$C$29:$C$196,"Singles",'Record Book'!$E$29:$E$196,$O15,'Record Book'!$I$29:$I$196,"L") -> 4 | S15: =COUNTIFS('Record Book'!$C$29:$C$196,"Singles",'Record Book'!$E$29:$E$196,$O15,'Record Book'!$I$29:$I$196,"T") -> 0 | T15: =IF(SUM(Q15:S15)=0,0,(Q15+0.5*S15)/SUM(Q15:S15)) -> 0.2 | U15: =COUNTIFS('Record Book'!$C$29:$C$196,"Fourball",'Record Book'!$E$29:$E$196,$O15,'Record Book'!$I$29:$I$196,"W") -> 2 | V15: =COUNTIFS('Record Book'!$C$29:$C$196,"Fourball",'Record Book'!$E$29:$E$196,$O15,'Record Book'!$I$29:$I$196,"L") -> 3 | W15: =COUNTIFS('Record Book'!$C$29:$C$196,"Fourball",'Record Book'!$E$29:$E$196,$O15,'Record Book'!$I$29:$I$196,"T") -> 0 | X15: =IF(SUM(U15:W15)=0,0,(U15+0.5*W15)/SUM(U15:W15)) -> 0.4 | Y15: =COUNTIFS('Record Book'!$C$29:$C$196,"Scramble",'Record Book'!$E$29:$E$196,$O15,'Record Book'!$I$29:$I$196,"W") -> 2 | Z15: =COUNTIFS('Record Book'!$C$29:$C$196,"Scramble",'Record Book'!$E$29:$E$196,$O15,'Record Book'!$I$29:$I$196,"L") -> 2 | AA15: =COUNTIFS('Record Book'!$C$29:$C$196,"Scramble",'Record Book'!$E$29:$E$196,$O15,'Record Book'!$I$29:$I$196,"T") -> 0 | AB15: =IF(SUM(Y15:AA15)=0,0,(Y15+0.5*AA15)/SUM(Y15:AA15)) -> 0.5
N16: ='Player Stats'!A8 -> red-dylan | O16: ='Player Stats'!B8 -> Dylan Bradley | P16: =LOWER('Player Stats'!C8) -> red | Q16: =COUNTIFS('Record Book'!$C$29:$C$196,"Singles",'Record Book'!$E$29:$E$196,$O16,'Record Book'!$I$29:$I$196,"W") -> 2 | R16: =COUNTIFS('Record Book'!$C$29:$C$196,"Singles",'Record Book'!$E$29:$E$196,$O16,'Record Book'!$I$29:$I$196,"L") -> 3 | S16: =COUNTIFS('Record Book'!$C$29:$C$196,"Singles",'Record Book'!$E$29:$E$196,$O16,'Record Book'!$I$29:$I$196,"T") -> 0 | T16: =IF(SUM(Q16:S16)=0,0,(Q16+0.5*S16)/SUM(Q16:S16)) -> 0.4 | U16: =COUNTIFS('Record Book'!$C$29:$C$196,"Fourball",'Record Book'!$E$29:$E$196,$O16,'Record Book'!$I$29:$I$196,"W") -> 2 | V16: =COUNTIFS('Record Book'!$C$29:$C$196,"Fourball",'Record Book'!$E$29:$E$196,$O16,'Record Book'!$I$29:$I$196,"L") -> 3 | W16: =COUNTIFS('Record Book'!$C$29:$C$196,"Fourball",'Record Book'!$E$29:$E$196,$O16,'Record Book'!$I$29:$I$196,"T") -> 0 | X16: =IF(SUM(U16:W16)=0,0,(U16+0.5*W16)/SUM(U16:W16)) -> 0.4 | Y16: =COUNTIFS('Record Book'!$C$29:$C$196,"Scramble",'Record Book'!$E$29:$E$196,$O16,'Record Book'!$I$29:$I$196,"W") -> 0 | Z16: =COUNTIFS('Record Book'!$C$29:$C$196,"Scramble",'Record Book'!$E$29:$E$196,$O16,'Record Book'!$I$29:$I$196,"L") -> 4 | AA16: =COUNTIFS('Record Book'!$C$29:$C$196,"Scramble",'Record Book'!$E$29:$E$196,$O16,'Record Book'!$I$29:$I$196,"T") -> 0 | AB16: =IF(SUM(Y16:AA16)=0,0,(Y16+0.5*AA16)/SUM(Y16:AA16)) -> 0
N17: ='Player Stats'!A9 -> navy-eric | O17: ='Player Stats'!B9 -> Eric Bleim | P17: =LOWER('Player Stats'!C9) -> navy | Q17: =COUNTIFS('Record Book'!$C$29:$C$196,"Singles",'Record Book'!$E$29:$E$196,$O17,'Record Book'!$I$29:$I$196,"W") -> 2 | R17: =COUNTIFS('Record Book'!$C$29:$C$196,"Singles",'Record Book'!$E$29:$E$196,$O17,'Record Book'!$I$29:$I$196,"L") -> 3 | S17: =COUNTIFS('Record Book'!$C$29:$C$196,"Singles",'Record Book'!$E$29:$E$196,$O17,'Record Book'!$I$29:$I$196,"T") -> 0 | T17: =IF(SUM(Q17:S17)=0,0,(Q17+0.5*S17)/SUM(Q17:S17)) -> 0.4 | U17: =COUNTIFS('Record Book'!$C$29:$C$196,"Fourball",'Record Book'!$E$29:$E$196,$O17,'Record Book'!$I$29:$I$196,"W") -> 3 | V17: =COUNTIFS('Record Book'!$C$29:$C$196,"Fourball",'Record Book'!$E$29:$E$196,$O17,'Record Book'!$I$29:$I$196,"L") -> 2 | W17: =COUNTIFS('Record Book'!$C$29:$C$196,"Fourball",'Record Book'!$E$29:$E$196,$O17,'Record Book'!$I$29:$I$196,"T") -> 0 | X17: =IF(SUM(U17:W17)=0,0,(U17+0.5*W17)/SUM(U17:W17)) -> 0.6 | Y17: =COUNTIFS('Record Book'!$C$29:$C$196,"Scramble",'Record Book'!$E$29:$E$196,$O17,'Record Book'!$I$29:$I$196,"W") -> 2 | Z17: =COUNTIFS('Record Book'!$C$29:$C$196,"Scramble",'Record Book'!$E$29:$E$196,$O17,'Record Book'!$I$29:$I$196,"L") -> 2 | AA17: =COUNTIFS('Record Book'!$C$29:$C$196,"Scramble",'Record Book'!$E$29:$E$196,$O17,'Record Book'!$I$29:$I$196,"T") -> 0 | AB17: =IF(SUM(Y17:AA17)=0,0,(Y17+0.5*AA17)/SUM(Y17:AA17)) -> 0.5
N18: ='Player Stats'!A10 -> navy-george | O18: ='Player Stats'!B10 -> George Collister | P18: =LOWER('Player Stats'!C10) -> navy | Q18: =COUNTIFS('Record Book'!$C$29:$C$196,"Singles",'Record Book'!$E$29:$E$196,$O18,'Record Book'!$I$29:$I$196,"W") -> 3 | R18: =COUNTIFS('Record Book'!$C$29:$C$196,"Singles",'Record Book'!$E$29:$E$196,$O18,'Record Book'!$I$29:$I$196,"L") -> 2 | S18: =COUNTIFS('Record Book'!$C$29:$C$196,"Singles",'Record Book'!$E$29:$E$196,$O18,'Record Book'!$I$29:$I$196,"T") -> 0 | T18: =IF(SUM(Q18:S18)=0,0,(Q18+0.5*S18)/SUM(Q18:S18)) -> 0.6 | U18: =COUNTIFS('Record Book'!$C$29:$C$196,"Fourball",'Record Book'!$E$29:$E$196,$O18,'Record Book'!$I$29:$I$196,"W") -> 3 | V18: =COUNTIFS('Record Book'!$C$29:$C$196,"Fourball",'Record Book'!$E$29:$E$196,$O18,'Record Book'!$I$29:$I$196,"L") -> 2 | W18: =COUNTIFS('Record Book'!$C$29:$C$196,"Fourball",'Record Book'!$E$29:$E$196,$O18,'Record Book'!$I$29:$I$196,"T") -> 0 | X18: =IF(SUM(U18:W18)=0,0,(U18+0.5*W18)/SUM(U18:W18)) -> 0.6 | Y18: =COUNTIFS('Record Book'!$C$29:$C$196,"Scramble",'Record Book'!$E$29:$E$196,$O18,'Record Book'!$I$29:$I$196,"W") -> 2 | Z18: =COUNTIFS('Record Book'!$C$29:$C$196,"Scramble",'Record Book'!$E$29:$E$196,$O18,'Record Book'!$I$29:$I$196,"L") -> 2 | AA18: =COUNTIFS('Record Book'!$C$29:$C$196,"Scramble",'Record Book'!$E$29:$E$196,$O18,'Record Book'!$I$29:$I$196,"T") -> 0 | AB18: =IF(SUM(Y18:AA18)=0,0,(Y18+0.5*AA18)/SUM(Y18:AA18)) -> 0.5
N19: ='Player Stats'!A11 -> navy-steven | O19: ='Player Stats'!B11 -> Steve Wells | P19: =LOWER('Player Stats'!C11) -> navy | Q19: =COUNTIFS('Record Book'!$C$29:$C$196,"Singles",'Record Book'!$E$29:$E$196,$O19,'Record Book'!$I$29:$I$196,"W") -> 3 | R19: =COUNTIFS('Record Book'!$C$29:$C$196,"Singles",'Record Book'!$E$29:$E$196,$O19,'Record Book'!$I$29:$I$196,"L") -> 2 | S19: =COUNTIFS('Record Book'!$C$29:$C$196,"Singles",'Record Book'!$E$29:$E$196,$O19,'Record Book'!$I$29:$I$196,"T") -> 0 | T19: =IF(SUM(Q19:S19)=0,0,(Q19+0.5*S19)/SUM(Q19:S19)) -> 0.6 | U19: =COUNTIFS('Record Book'!$C$29:$C$196,"Fourball",'Record Book'!$E$29:$E$196,$O19,'Record Book'!$I$29:$I$196,"W") -> 3 | V19: =COUNTIFS('Record Book'!$C$29:$C$196,"Fourball",'Record Book'!$E$29:$E$196,$O19,'Record Book'!$I$29:$I$196,"L") -> 2 | W19: =COUNTIFS('Record Book'!$C$29:$C$196,"Fourball",'Record Book'!$E$29:$E$196,$O19,'Record Book'!$I$29:$I$196,"T") -> 0 | X19: =IF(SUM(U19:W19)=0,0,(U19+0.5*W19)/SUM(U19:W19)) -> 0.6 | Y19: =COUNTIFS('Record Book'!$C$29:$C$196,"Scramble",'Record Book'!$E$29:$E$196,$O19,'Record Book'!$I$29:$I$196,"W") -> 3 | Z19: =COUNTIFS('Record Book'!$C$29:$C$196,"Scramble",'Record Book'!$E$29:$E$196,$O19,'Record Book'!$I$29:$I$196,"L") -> 1 | AA19: =COUNTIFS('Record Book'!$C$29:$C$196,"Scramble",'Record Book'!$E$29:$E$196,$O19,'Record Book'!$I$29:$I$196,"T") -> 0 | AB19: =IF(SUM(Y19:AA19)=0,0,(Y19+0.5*AA19)/SUM(Y19:AA19)) -> 0.75
N20: ='Player Stats'!A12 -> navy-jj | O20: ='Player Stats'!B12 -> JJ Meakings | P20: =LOWER('Player Stats'!C12) -> navy | Q20: =COUNTIFS('Record Book'!$C$29:$C$196,"Singles",'Record Book'!$E$29:$E$196,$O20,'Record Book'!$I$29:$I$196,"W") -> 1 | R20: =COUNTIFS('Record Book'!$C$29:$C$196,"Singles",'Record Book'!$E$29:$E$196,$O20,'Record Book'!$I$29:$I$196,"L") -> 2 | S20: =COUNTIFS('Record Book'!$C$29:$C$196,"Singles",'Record Book'!$E$29:$E$196,$O20,'Record Book'!$I$29:$I$196,"T") -> 2 | T20: =IF(SUM(Q20:S20)=0,0,(Q20+0.5*S20)/SUM(Q20:S20)) -> 0.4 | U20: =COUNTIFS('Record Book'!$C$29:$C$196,"Fourball",'Record Book'!$E$29:$E$196,$O20,'Record Book'!$I$29:$I$196,"W") -> 3 | V20: =COUNTIFS('Record Book'!$C$29:$C$196,"Fourball",'Record Book'!$E$29:$E$196,$O20,'Record Book'!$I$29:$I$196,"L") -> 2 | W20: =COUNTIFS('Record Book'!$C$29:$C$196,"Fourball",'Record Book'!$E$29:$E$196,$O20,'Record Book'!$I$29:$I$196,"T") -> 0 | X20: =IF(SUM(U20:W20)=0,0,(U20+0.5*W20)/SUM(U20:W20)) -> 0.6 | Y20: =COUNTIFS('Record Book'!$C$29:$C$196,"Scramble",'Record Book'!$E$29:$E$196,$O20,'Record Book'!$I$29:$I$196,"W") -> 3 | Z20: =COUNTIFS('Record Book'!$C$29:$C$196,"Scramble",'Record Book'!$E$29:$E$196,$O20,'Record Book'!$I$29:$I$196,"L") -> 1 | AA20: =COUNTIFS('Record Book'!$C$29:$C$196,"Scramble",'Record Book'!$E$29:$E$196,$O20,'Record Book'!$I$29:$I$196,"T") -> 0 | AB20: =IF(SUM(Y20:AA20)=0,0,(Y20+0.5*AA20)/SUM(Y20:AA20)) -> 0.75

Sheet Feed - Site Config
A1: config_key | B1: config_value | C1: description
A2: current_tournament_id | B2: cyder-cup-2026 | C2: Tournament displayed as the current event
A3: site_title | B3: Cyder Cup | C3: Website title
A4: live_scoring_enabled | B4: TRUE | C4: Controls whether the live scoring experience is enabled
A5: timezone | B5: America/Phoenix | C5: Default timezone used for website dates and times
A6: navy_team_id | B6: navy | C6: Canonical Team Navy identifier
A7: red_team_id | B7: red | C7: Canonical Team Red identifier
A8: points_to_win | B8: ='Live Leaderboard'!B3 -> 15.5 | C8: Points required to win the current tournament
A9: total_points_available | B9: ='Live Leaderboard'!B4 -> 30 | C9: Total points available in the current tournament
A10: data_version | B10: 3.0 | C10: Website feed schema version
A11: workbook_architecture_version | B11: 1.0 | C11: Cyder Cup Control Center data architecture version
A12: historical_match_feed | B12: Feed - Match History | C12: Canonical historical analytics feed

Sheet Control Center
A1: CYDER CUP • CONTROL CENTER
A4: Workbook operating guide and annual update checklist
A6: ANNUAL WORKFLOW | B6: OWNER | C6: FREQUENCY | D6: STATUS | F6: SHEET | G6: ROLE | H6: EDIT?
A7: Update player details / handicaps | B7: Commissioner | C7: As needed | D7: Manual input | F7: Record Book | G7: Human-facing history and summaries | H7: No direct annual input
A8: Add tournament metadata and full write-up | B8: Commissioner | C8: Once per year | D8: Manual input | F8: Player Stats | G8: Human-facing player database | H8: Review only
A9: Enter completed match results | B9: Commissioner | C9: During / after event | D9: Manual input | F9: Feed - Players | G9: Canonical player profile data | H9: Yes
A10: Add awards | B10: Commissioner | C10: After event | D10: Manual input | F10: Feed - Tournaments | G10: Tournament metadata and write-ups | H10: Yes
A11: Drop photos into public/history/YEAR | B11: Commissioner | C11: After event | D11: File system | F11: Feed - Match History | G11: Completed historical match results | H11: Yes
A12: Export website feeds | B12: System | C12: After updates | D12: Automated (future) | F12: Feed - Matches | G12: Current/live tournament scoring | H12: Yes during event
F13: Feed - Awards | G13: Annual awards and honors | H13: Yes
F14: Feed - Media | G14: Hero image and asset references | H14: Optional
A15: DESIGN PRINCIPLES | F15: Feed - Records | G15: Calculated website records | H15: System generated
A16: 1 | B16: Workbook is the single source of truth for structured content. | F16: Feed - Site Config | G16: Website settings | H16: Occasional
A17: 2 | B17: Photos and videos remain external assets; Excel stores references only.
A18: 3 | B18: Permanent IDs are used internally; display names remain human-friendly.
A19: 4 | B19: Record Book remains presentation-focused and is not the website feed.
A20: 5 | B20: No website statistic should be manually typed if it can be calculated.
A21: 6 | B21: Terminology standard: Vs.; 4-man Scramble; Team Vs. Team 4-man Scramble.

Sheet Feed - Match History
A1: match_id | B1: tournament_id | C1: year | D1: session_id | E1: format | F1: match_type | G1: course | H1: player_id | I1: player_name | J1: team_id | K1: partner_player_ids | L1: partner_names | M1: opponent_1_id | N1: opponent_1_name | O1: opponent_2_id | P1: opponent_2_name | Q1: result | R1: points_earned | S1: score_notes | T1: source_record_book_row
A2: M2019-01 | B2: cyder-cup-2019 | C2: 2019 | D2: Session 1a | E2: Fourball | F2: Partners | G2: Tobiano Golf Course | H2: red-sam | I2: Sam Griffiths | J2: red | K2: red-dylan | L2: Dylan Bradley | M2: navy-jj | N2: JJ Meakings | O2: navy-steven | P2: steven Wells | Q2: L | R2: 0 | S2: NAVY 2&1 | T2: 29
A3: M2019-01 | B3: cyder-cup-2019 | C3: 2019 | D3: Session 1a | E3: Fourball | F3: Partners | G3: Tobiano Golf Course | H3: red-dylan | I3: Dylan Bradley | J3: red | K3: red-sam | L3: Sam Griffiths | M3: navy-jj | N3: JJ Meakings | O3: navy-steven | P3: steven Wells | Q3: L | R3: 0 | S3: NAVY 2&1 | T3: 30
A4: M2019-01 | B4: cyder-cup-2019 | C4: 2019 | D4: Session 1a | E4: Fourball | F4: Partners | G4: Tobiano Golf Course | H4: navy-jj | I4: JJ Meakings | J4: navy | K4: navy-steven | L4: steven Wells | M4: red-sam | N4: Sam Griffiths | O4: red-dylan | P4: Dylan Bradley | Q4: W | R4: 1 | S4: NAVY 2&1 | T4: 31
A5: M2019-01 | B5: cyder-cup-2019 | C5: 2019 | D5: Session 1a | E5: Fourball | F5: Partners | G5: Tobiano Golf Course | H5: navy-steven | I5: steven Wells | J5: navy | K5: navy-jj | L5: JJ Meakings | M5: red-sam | N5: Sam Griffiths | O5: red-dylan | P5: Dylan Bradley | Q5: W | R5: 1 | S5: NAVY 2&1 | T5: 32
A6: M2019-02 | B6: cyder-cup-2019 | C6: 2019 | D6: Session 1b | E6: Fourball | F6: Partners | G6: Tobiano Golf Course | H6: red-sean | I6: Sean Bromley | J6: red | K6: red-kevin | L6: Kevin Catliff | M6: navy-eric | N6: Eric Bleim | O6: navy-george | P6: George Collister | Q6: L | R6: 0 | S6: NAVY 7&5 | T6: 33
A7: M2019-02 | B7: cyder-cup-2019 | C7: 2019 | D7: Session 1b | E7: Fourball | F7: Partners | G7: Tobiano Golf Course | H7: red-kevin | I7: Kevin Catliff | J7: red | K7: red-sean | L7: Sean Bromley | M7: navy-eric | N7: Eric Bleim | O7: navy-george | P7: George Collister | Q7: L | R7: 0 | S7: NAVY 7&5 | T7: 34
A8: M2019-02 | B8: cyder-cup-2019 | C8: 2019 | D8: Session 1b | E8: Fourball | F8: Partners | G8: Tobiano Golf Course | H8: navy-eric | I8: Eric Bleim | J8: navy | K8: navy-george | L8: George Collister | M8: red-sean | N8: Sean Bromley | O8: red-kevin | P8: Kevin Catliff | Q8: W | R8: 1 | S8: NAVY 7&5 | T8: 35
A9: M2019-02 | B9: cyder-cup-2019 | C9: 2019 | D9: Session 1b | E9: Fourball | F9: Partners | G9: Tobiano Golf Course | H9: navy-george | I9: George Collister | J9: navy | K9: navy-eric | L9: Eric Bleim | M9: red-sean | N9: Sean Bromley | O9: red-kevin | P9: Kevin Catliff | Q9: W | R9: 1 | S9: NAVY 7&5 | T9: 36
A10: M2019-03 | B10: cyder-cup-2019 | C10: 2019 | D10: Session 2a | E10: Scramble | F10: Partners | G10: The Dunes Golf Course | H10: red-sam | I10: Sam Griffiths | J10: red | K10: red-kevin | L10: Kevin Catliff | M10: navy-jj | N10: JJ Meakings | O10: navy-george | P10: George Collister | Q10: W | R10: 1 | S10: RED 3 under | T10: 37
A11: M2019-03 | B11: cyder-cup-2019 | C11: 2019 | D11: Session 2a | E11: Scramble | F11: Partners | G11: The Dunes Golf Course | H11: red-kevin | I11: Kevin Catliff | J11: red | K11: red-sam | L11: Sam Griffiths | M11: navy-jj | N11: JJ Meakings | O11: navy-george | P11: George Collister | Q11: W | R11: 1 | S11: RED 3 under | T11: 38
A12: M2019-03 | B12: cyder-cup-2019 | C12: 2019 | D12: Session 2a | E12: Scramble | F12: Partners | G12: The Dunes Golf Course | H12: navy-jj | I12: JJ Meakings | J12: navy | K12: navy-george | L12: George Collister | M12: red-sam | N12: Sam Griffiths | O12: red-kevin | P12: Kevin Catliff | Q12: L | R12: 0 | S12: RED 3 under | T12: 39
A13: M2019-03 | B13: cyder-cup-2019 | C13: 2019 | D13: Session 2a | E13: Scramble | F13: Partners | G13: The Dunes Golf Course | H13: navy-george | I13: George Collister | J13: navy | K13: navy-jj | L13: JJ Meakings | M13: red-sam | N13: Sam Griffiths | O13: red-kevin | P13: Kevin Catliff | Q13: L | R13: 0 | S13: RED 3 under | T13: 40
... A17: M2019-04 | B17: cyder-cup-2019 | C17: 2019 | D17: Session 2b | E17: Scramble | F17: Partners | G17: The Dunes Golf Course | H17: navy-steven | I17: steven Wells | J17: navy | K17: navy-eric | L17: Eric Bleim | M17: red-dylan | N17: Dylan Bradley | O17: red-sean | P17: Sean Bromley | Q17: W | R17: 1 | S17: NAVY 2 under | T17: 44
A18: M2019-05 | B18: cyder-cup-2019 | C18: 2019 | D18: Session 3 | E18: Singles | F18: Individual | G18: Sun Peaks Golf Course | H18: red-sam | I18: Sam Griffiths | J18: red | M18: navy-jj | N18: JJ Meakings | Q18: T | R18: 1 | S18: A/S | T18: 45
A19: M2019-05 | B19: cyder-cup-2019 | C19: 2019 | D19: Session 3 | E19: Singles | F19: Individual | G19: Sun Peaks Golf Course | H19: navy-jj | I19: JJ Meakings | J19: navy | M19: red-sam | N19: Sam Griffiths | Q19: T | R19: 1 | S19: A/S | T19: 46
A20: M2019-06 | B20: cyder-cup-2019 | C20: 2019 | D20: Session 3 | E20: Singles | F20: Individual | G20: Sun Peaks Golf Course | H20: red-kevin | I20: Kevin Catliff | J20: red | M20: navy-eric | N20: Eric Bleim | Q20: L | R20: 0 | S20: NAVY 2&1 | T20: 47
A21: M2019-06 | B21: cyder-cup-2019 | C21: 2019 | D21: Session 3 | E21: Singles | F21: Individual | G21: Sun Peaks Golf Course | H21: navy-eric | I21: Eric Bleim | J21: navy | M21: red-kevin | N21: Kevin Catliff | Q21: W | R21: 2 | S21: NAVY 2&1 | T21: 48
A22: M2019-06 | B22: cyder-cup-2019 | C22: 2019 | D22: Session 3 | E22: Singles | F22: Individual | G22: Sun Peaks Golf Course | H22: red-sean | I22: Sean Bromley | J22: red | M22: navy-eric | N22: Eric Bleim | Q22: L | R22: 0 | S22: NAVY 2&1 | T22: 51
A23: M2019-06 | B23: cyder-cup-2019 | C23: 2019 | D23: Session 3 | E23: Singles | F23: Individual | G23: Sun Peaks Golf Course | H23: navy-steven | I23: steven Wells | J23: navy | M23: red-kevin | N23: Kevin Catliff | Q23: W | R23: 2 | S23: NAVY 2&1 | T23: 52
A24: M2019-07 | B24: cyder-cup-2019 | C24: 2019 | D24: Session 3 | E24: Singles | F24: Individual | G24: Sun Peaks Golf Course | H24: red-dylan | I24: Dylan Bradley | J24: red | M24: navy-george | N24: George Collister | Q24: L | R24: 0 | S24: NAVY 4&3 | T24: 49
A25: M2019-07 | B25: cyder-cup-2019 | C25: 2019 | D25: Session 3 | E25: Singles | F25: Individual | G25: Sun Peaks Golf Course | H25: navy-george | I25: George Collister | J25: navy | M25: red-dylan | N25: Dylan Bradley | Q25: W | R25: 2 | S25: NAVY 4&3 | T25: 50
A26: M2020-01 | B26: cyder-cup-2020 | C26: 2020 | D26: Session 1a | E26: Fourball | F26: Partners | G26: Tobiano Golf Course | H26: red-sam | I26: Sam Griffiths | J26: red | K26: red-sean | L26: Sean Bromley | M26: navy-jj | N26: JJ Meakings | O26: navy-steven | P26: steven Wells | Q26: W | R26: 1 | S26: RED 3&2 | T26: 53
A27: M2020-01 | B27: cyder-cup-2020 | C27: 2020 | D27: Session 1a | E27: Fourball | F27: Partners | G27: Tobiano Golf Course | H27: red-sean | I27: Sean Bromley | J27: red | K27: red-sam | L27: Sam Griffiths | M27: navy-jj | N27: JJ Meakings | O27: navy-steven | P27: steven Wells | Q27: W | R27: 1 | S27: RED 3&2 | T27: 54
A28: M2020-01 | B28: cyder-cup-2020 | C28: 2020 | D28: Session 1a | E28: Fourball | F28: Partners | G28: Tobiano Golf Course | H28: navy-jj | I28: JJ Meakings | J28: navy | K28: navy-steven | L28: steven Wells | M28: red-sam | N28: Sam Griffiths | O28: red-sean | P28: Sean Bromley | Q28: L | R28: 0 | S28: RED 3&2 | T28: 55
A29: M2020-01 | B29: cyder-cup-2020 | C29: 2020 | D29: Session 1a | E29: Fourball | F29: Partners | G29: Tobiano Golf Course | H29: navy-steven | I29: steven Wells | J29: navy | K29: navy-jj | L29: JJ Meakings | M29: red-sam | N29: Sam Griffiths | O29: red-sean | P29: Sean Bromley | Q29: L | R29: 0 | S29: RED 3&2 | T29: 56
A30: M2020-02 | B30: cyder-cup-2020 | C30: 2020 | D30: Session 1b | E30: Fourball | F30: Partners | G30: Tobiano Golf Course | H30: red-kevin | I30: Kevin Catliff | J30: red | K30: red-dylan | L30: Dylan Bradley | M30: navy-eric | N30: Eric Bleim | O30: navy-george | P30: George Collister | Q30: W | R30: 1 | S30: RED 4&3 | T30: 57
A31: M2020-02 | B31: cyder-cup-2020 | C31: 2020 | D31: Session 1b | E31: Fourball | F31: Partners | G31: Tobiano Golf Course | H31: red-dylan | I31: Dylan Bradley | J31: red | K31: red-kevin | L31: Kevin Catliff | M31: navy-eric | N31: Eric Bleim | O31: navy-george | P31: George Collister | Q31: W | R31: 1 | S31: RED 4&3 | T31: 58
A32: M2020-02 | B32: cyder-cup-2020 | C32: 2020 | D32: Session 1b | E32: Fourball | F32: Partners | G32: Tobiano Golf Course | H32: navy-eric | I32: Eric Bleim | J32: navy | K32: navy-george | L32: George Collister | M32: red-kevin | N32: Kevin Catliff | O32: red-dylan | P32: Dylan Bradley | Q32: L | R32: 0 | S32: RED 4&3 | T32: 59
A33: M2020-02 | B33: cyder-cup-2020 | C33: 2020 | D33: Session 1b | E33: Fourball | F33: Partners | G33: Tobiano Golf Course | H33: navy-george | I33: George Collister | J33: navy | K33: navy-eric | L33: Eric Bleim | M33: red-kevin | N33: Kevin Catliff | O33: red-dylan | P33: Dylan Bradley | Q33: L | R33: 0 | S33: RED 4&3 | T33: 60
A34: M2020-03 | B34: cyder-cup-2020 | C34: 2020 | D34: Session 2a | E34: Scramble | F34: Partners | G34: Eaglepoint Golf Resort | H34: red-kevin | I34: Kevin Catliff | J34: red | K34: red-dylan | L34: Dylan Bradley | M34: navy-eric | N34: Eric Bleim | O34: navy-steven | P34: steven Wells | Q34: L | R34: 0 | S34: NAVY 1 UP | T34: 61
A35: M2020-03 | B35: cyder-cup-2020 | C35: 2020 | D35: Session 2a | E35: Scramble | F35: Partners | G35: Eaglepoint Golf Resort | H35: red-dylan | I35: Dylan Bradley | J35: red | K35: red-kevin | L35: Kevin Catliff | M35: navy-eric | N35: Eric Bleim | O35: navy-steven | P35: steven Wells | Q35: L | R35: 0 | S35: NAVY 1 UP | T35: 62
A36: M2020-03 | B36: cyder-cup-2020 | C36: 2020 | D36: Session 2a | E36: Scramble | F36: Partners | G36: Eaglepoint Golf Resort | H36: navy-eric | I36: Eric Bleim | J36: navy | K36: navy-steven | L36: steven Wells | M36: red-kevin | N36: Kevin Catliff | O36: red-dylan | P36: Dylan Bradley | Q36: W | R36: 1 | S36: NAVY 1 UP | T36: 63
A37: M2020-03 | B37: cyder-cup-2020 | C37: 2020 | D37: Session 2a | E37: Scramble | F37: Partners | G37: Eaglepoint Golf Resort | H37: navy-steven | I37: steven Wells | J37: navy | K37: navy-eric | L37: Eric Bleim | M37: red-kevin | N37: Kevin Catliff | O37: red-dylan | P37: Dylan Bradley | Q37: W | R37: 1 | S37: NAVY 1 UP | T37: 64
... A41: M2020-04 | B41: cyder-cup-2020 | C41: 2020 | D41: Session 2b | E41: Scramble | F41: Partners | G41: Eaglepoint Golf Resort | H41: navy-george | I41: George Collister | J41: navy | K41: navy-jj | L41: JJ Meakings | M41: red-sam | N41: Sam Griffiths | O41: red-sean | P41: Sean Bromley | Q41: W | R41: 1 | S41: NAVY 4&3 | T41: 68
A42: M2020-05 | B42: cyder-cup-2020 | C42: 2020 | D42: Session 3 | E42: Singles | F42: Individual | G42: Bighorn Golf and Country Club | H42: red-sean | I42: Sean Bromley | J42: red | M42: navy-steven | N42: steven Wells | Q42: L | R42: 0 | S42: NAVY 1 UP | T42: 73
A43: M2020-05 | B43: cyder-cup-2020 | C43: 2020 | D43: Session 3 | E43: Singles | F43: Individual | G43: Bighorn Golf and Country Club | H43: navy-steven | I43: steven Wells | J43: navy | M43: red-sean | N43: Sean Bromley | Q43: W | R43: 2 | S43: NAVY 1 UP | T43: 74
A44: M2020-06 | B44: cyder-cup-2020 | C44: 2020 | D44: Session 3 | E44: Singles | F44: Individual | G44: Bighorn Golf and Country Club | H44: red-dylan | I44: Dylan Bradley | J44: red | M44: navy-george | N44: George Collister | Q44: W | R44: 2 | S44: RED 3&2 | T44: 75
A45: M2020-06 | B45: cyder-cup-2020 | C45: 2020 | D45: Session 3 | E45: Singles | F45: Individual | G45: Bighorn Golf and Country Club | H45: navy-george | I45: George Collister | J45: navy | M45: red-dylan | N45: Dylan Bradley | Q45: L | R45: 0 | S45: RED 3&2 | T45: 76
A46: M2020-07 | B46: cyder-cup-2020 | C46: 2020 | D46: Session 3 | E46: Singles | F46: Individual | G46: Bighorn Golf and Country Club | H46: red-sam | I46: Sam Griffiths | J46: red | M46: navy-jj | N46: JJ Meakings | Q46: W | R46: 2 | S46: RED 4&3 | T46: 71
A47: M2020-07 | B47: cyder-cup-2020 | C47: 2020 | D47: Session 3 | E47: Singles | F47: Individual | G47: Bighorn Golf and Country Club | H47: navy-jj | I47: JJ Meakings | J47: navy | M47: red-sam | N47: Sam Griffiths | Q47: L | R47: 0 | S47: RED 4&3 | T47: 72
A48: M2020-08 | B48: cyder-cup-2020 | C48: 2020 | D48: Session 3 | E48: Singles | F48: Individual | G48: Bighorn Golf and Country Club | H48: red-kevin | I48: Kevin Catliff | J48: red | M48: navy-eric | N48: Eric Bleim | Q48: W | R48: 2 | S48: RED 7&5 | T48: 69
A49: M2020-08 | B49: cyder-cup-2020 | C49: 2020 | D49: Session 3 | E49: Singles | F49: Individual | G49: Bighorn Golf and Country Club | H49: navy-eric | I49: Eric Bleim | J49: navy | M49: red-kevin | N49: Kevin Catliff | Q49: L | R49: 0 | S49: RED 7&5 | T49: 70
A50: M2021-01 | B50: cyder-cup-2021 | C50: 2021 | D50: Session 1a | E50: Fourball | F50: Partners | G50: Tobiano Golf Course | H50: red-sam | I50: Sam Griffiths | J50: red | K50: red-sean | L50: Sean Bromley | M50: navy-steven | N50: steven Wells | O50: navy-eric | P50: Eric Bleim | Q50: L | R50: 0 | S50: NAVY 3&2 | T50: 77
A51: M2021-01 | B51: cyder-cup-2021 | C51: 2021 | D51: Session 1a | E51: Fourball | F51: Partners | G51: Tobiano Golf Course | H51: red-sean | I51: Sean Bromley | J51: red | K51: red-sam | L51: Sam Griffiths | M51: navy-steven | N51: steven Wells | O51: navy-eric | P51: Eric Bleim | Q51: L | R51: 0 | S51: NAVY 3&2 | T51: 78
A52: M2021-01 | B52: cyder-cup-2021 | C52: 2021 | D52: Session 1a | E52: Fourball | F52: Partners | G52: Tobiano Golf Course | H52: navy-steven | I52: steven Wells | J52: navy | K52: navy-eric | L52: Eric Bleim | M52: red-sam | N52: Sam Griffiths | O52: red-sean | P52: Sean Bromley | Q52: W | R52: 1 | S52: NAVY 3&2 | T52: 79
A53: M2021-01 | B53: cyder-cup-2021 | C53: 2021 | D53: Session 1a | E53: Fourball | F53: Partners | G53: Tobiano Golf Course | H53: navy-eric | I53: Eric Bleim | J53: navy | K53: navy-steven | L53: steven Wells | M53: red-sam | N53: Sam Griffiths | O53: red-sean | P53: Sean Bromley | Q53: W | R53: 1 | S53: NAVY 3&2 | T53: 80
A54: M2021-02 | B54: cyder-cup-2021 | C54: 2021 | D54: Session 1b | E54: Fourball | F54: Partners | G54: Tobiano Golf Course | H54: red-kevin | I54: Kevin Catliff | J54: red | K54: red-dylan | L54: Dylan Bradley | M54: navy-jj | N54: JJ Meakings | O54: navy-george | P54: George Collister | Q54: L | R54: 0 | S54: NAVY 4&3 | T54: 81
A55: M2021-02 | B55: cyder-cup-2021 | C55: 2021 | D55: Session 1b | E55: Fourball | F55: Partners | G55: Tobiano Golf Course | H55: red-dylan | I55: Dylan Bradley | J55: red | K55: red-kevin | L55: Kevin Catliff | M55: navy-jj | N55: JJ Meakings | O55: navy-george | P55: George Collister | Q55: L | R55: 0 | S55: NAVY 4&3 | T55: 82
A56: M2021-02 | B56: cyder-cup-2021 | C56: 2021 | D56: Session 1b | E56: Fourball | F56: Partners | G56: Tobiano Golf Course | H56: navy-jj | I56: JJ Meakings | J56: navy | K56: navy-george | L56: George Collister | M56: red-kevin | N56: Kevin Catliff | O56: red-dylan | P56: Dylan Bradley | Q56: W | R56: 1 | S56: NAVY 4&3 | T56: 83
A57: M2021-02 | B57: cyder-cup-2021 | C57: 2021 | D57: Session 1b | E57: Fourball | F57: Partners | G57: Tobiano Golf Course | H57: navy-george | I57: George Collister | J57: navy | K57: navy-jj | L57: JJ Meakings | M57: red-kevin | N57: Kevin Catliff | O57: red-dylan | P57: Dylan Bradley | Q57: W | R57: 1 | S57: NAVY 4&3 | T57: 84
A58: M2021-03 | B58: cyder-cup-2021 | C58: 2021 | D58: Session 2a | E58: Scramble | F58: Partners | G58: Talking Rock Golf Resort | H58: red-sam | I58: Sam Griffiths | J58: red | K58: red-dylan | L58: Dylan Bradley | M58: navy-jj | N58: JJ Meakings | O58: navy-george | P58: George Collister | Q58: L | R58: 0 | S58: NAVY 4 under | T58: 85
A59: M2021-03 | B59: cyder-cup-2021 | C59: 2021 | D59: Session 2a | E59: Scramble | F59: Partners | G59: Talking Rock Golf Resort | H59: red-dylan | I59: Dylan Bradley | J59: red | K59: red-sam | L59: Sam Griffiths | M59: navy-jj | N59: JJ Meakings | O59: navy-george | P59: George Collister | Q59: L | R59: 0 | S59: NAVY 4 under | T59: 86
A60: M2021-03 | B60: cyder-cup-2021 | C60: 2021 | D60: Session 2a | E60: Scramble | F60: Partners | G60: Talking Rock Golf Resort | H60: navy-jj | I60: JJ Meakings | J60: navy | K60: navy-george | L60: George Collister | M60: red-sam | N60: Sam Griffiths | O60: red-dylan | P60: Dylan Bradley | Q60: W | R60: 1 | S60: NAVY 4 under | T60: 87
A61: M2021-03 | B61: cyder-cup-2021 | C61: 2021 | D61: Session 2a | E61: Scramble | F61: Partners | G61: Talking Rock Golf Resort | H61: navy-george | I61: George Collister | J61: navy | K61: navy-jj | L61: JJ Meakings | M61: red-sam | N61: Sam Griffiths | O61: red-dylan | P61: Dylan Bradley | Q61: W | R61: 1 | S61: NAVY 4 under | T61: 88
... A65: M2021-04 | B65: cyder-cup-2021 | C65: 2021 | D65: Session 2b | E65: Scramble | F65: Partners | G65: Talking Rock Golf Resort | H65: navy-eric | I65: Eric Bleim | J65: navy | K65: navy-steven | L65: steven Wells | M65: red-sean | N65: Sean Bromley | O65: red-kevin | P65: Kevin Catliff | Q65: L | R65: 0 | S65: RED 4 under | T65: 92
A66: M2021-05 | B66: cyder-cup-2021 | C66: 2021 | D66: Session 3 | E66: Singles | F66: Individual | G66: Sun Peaks Golf Course | H66: red-kevin | I66: Kevin Catliff | J66: red | M66: navy-jj | N66: JJ Meakings | Q66: W | R66: 2 | S66: RED 1 UP | T66: 99
A67: M2021-05 | B67: cyder-cup-2021 | C67: 2021 | D67: Session 3 | E67: Singles | F67: Individual | G67: Sun Peaks Golf Course | H67: navy-jj | I67: JJ Meakings | J67: navy | M67: red-kevin | N67: Kevin Catliff | Q67: L | R67: 0 | S67: RED 1 UP | T67: 100
A68: M2021-06 | B68: cyder-cup-2021 | C68: 2021 | D68: Session 3 | E68: Singles | F68: Individual | G68: Sun Peaks Golf Course | H68: red-sean | I68: Sean Bromley | J68: red | M68: navy-george | N68: George Collister | Q68: W | R68: 2 | S68: RED 2&1 | T68: 93
A69: M2021-06 | B69: cyder-cup-2021 | C69: 2021 | D69: Session 3 | E69: Singles | F69: Individual | G69: Sun Peaks Golf Course | H69: navy-george | I69: George Collister | J69: navy | M69: red-sean | N69: Sean Bromley | Q69: L | R69: 0 | S69: RED 2&1 | T69: 94
A70: M2021-07 | B70: cyder-cup-2021 | C70: 2021 | D70: Session 3 | E70: Singles | F70: Individual | G70: Sun Peaks Golf Course | H70: red-dylan | I70: Dylan Bradley | J70: red | M70: navy-steven | N70: steven Wells | Q70: W | R70: 2 | S70: RED 3&2 | T70: 95
A71: M2021-07 | B71: cyder-cup-2021 | C71: 2021 | D71: Session 3 | E71: Singles | F71: Individual | G71: Sun Peaks Golf Course | H71: navy-steven | I71: steven Wells | J71: navy | M71: red-dylan | N71: Dylan Bradley | Q71: L | R71: 0 | S71: RED 3&2 | T71: 96
A72: M2021-08 | B72: cyder-cup-2021 | C72: 2021 | D72: Session 3 | E72: Singles | F72: Individual | G72: Sun Peaks Golf Course | H72: red-sam | I72: Sam Griffiths | J72: red | M72: navy-eric | N72: Eric Bleim | Q72: W | R72: 2 | S72: RED 5&4 | T72: 97
A73: M2021-08 | B73: cyder-cup-2021 | C73: 2021 | D73: Session 3 | E73: Singles | F73: Individual | G73: Sun Peaks Golf Course | H73: navy-eric | I73: Eric Bleim | J73: navy | M73: red-sam | N73: Sam Griffiths | Q73: L | R73: 0 | S73: RED 5&4 | T73: 98
A74: M2022-01 | B74: cyder-cup-2022 | C74: 2022 | D74: Session 1a | E74: Fourball | F74: Partners | G74: Big Sky Golf Club | H74: red-sam | I74: Sam Griffiths | J74: red | K74: red-sean | L74: Sean Bromley | M74: navy-eric | N74: Eric Bleim | O74: navy-steven | P74: steven Wells | Q74: W | R74: 1 | S74: RED 6&5 | T74: 101
A75: M2022-01 | B75: cyder-cup-2022 | C75: 2022 | D75: Session 1a | E75: Fourball | F75: Partners | G75: Big Sky Golf Club | H75: red-sean | I75: Sean Bromley | J75: red | K75: red-sam | L75: Sam Griffiths | M75: navy-eric | N75: Eric Bleim | O75: navy-steven | P75: steven Wells | Q75: W | R75: 1 | S75: RED 6&5 | T75: 102
A76: M2022-01 | B76: cyder-cup-2022 | C76: 2022 | D76: Session 1a | E76: Fourball | F76: Partners | G76: Big Sky Golf Club | H76: navy-eric | I76: Eric Bleim | J76: navy | K76: navy-steven | L76: steven Wells | M76: red-sam | N76: Sam Griffiths | O76: red-sean | P76: Sean Bromley | Q76: L | R76: 0 | S76: RED 6&5 | T76: 103
A77: M2022-01 | B77: cyder-cup-2022 | C77: 2022 | D77: Session 1a | E77: Fourball | F77: Partners | G77: Big Sky Golf Club | H77: navy-steven | I77: steven Wells | J77: navy | K77: navy-eric | L77: Eric Bleim | M77: red-sam | N77: Sam Griffiths | O77: red-sean | P77: Sean Bromley | Q77: L | R77: 0 | S77: RED 6&5 | T77: 104
A78: M2022-02 | B78: cyder-cup-2022 | C78: 2022 | D78: Session 1b | E78: Fourball | F78: Partners | G78: Big Sky Golf Club | H78: red-kevin | I78: Kevin Catliff | J78: red | K78: red-dylan | L78: Dylan Bradley | M78: navy-george | N78: George Collister | O78: navy-jj | P78: JJ Meakings | Q78: L | R78: 0 | S78: NAVY 2&1 | T78: 105
A79: M2022-02 | B79: cyder-cup-2022 | C79: 2022 | D79: Session 1b | E79: Fourball | F79: Partners | G79: Big Sky Golf Club | H79: red-dylan | I79: Dylan Bradley | J79: red | K79: red-kevin | L79: Kevin Catliff | M79: navy-george | N79: George Collister | O79: navy-jj | P79: JJ Meakings | Q79: L | R79: 0 | S79: NAVY 2&1 | T79: 106
A80: M2022-02 | B80: cyder-cup-2022 | C80: 2022 | D80: Session 1b | E80: Fourball | F80: Partners | G80: Big Sky Golf Club | H80: navy-george | I80: George Collister | J80: navy | K80: navy-jj | L80: JJ Meakings | M80: red-kevin | N80: Kevin Catliff | O80: red-dylan | P80: Dylan Bradley | Q80: W | R80: 1 | S80: NAVY 2&1 | T80: 107
A81: M2022-02 | B81: cyder-cup-2022 | C81: 2022 | D81: Session 1b | E81: Fourball | F81: Partners | G81: Big Sky Golf Club | H81: navy-jj | I81: JJ Meakings | J81: navy | K81: navy-george | L81: George Collister | M81: red-kevin | N81: Kevin Catliff | O81: red-dylan | P81: Dylan Bradley | Q81: W | R81: 1 | S81: NAVY 2&1 | T81: 108
A82: M2022-03 | B82: cyder-cup-2022 | C82: 2022 | D82: Session 2a | E82: Scramble | F82: Partners | G82: Sunstone Golf Club | H82: red-sam | I82: Sam Griffiths | J82: red | K82: red-sean | L82: Sean Bromley | M82: navy-eric | N82: Eric Bleim | O82: navy-george | P82: George Collister | Q82: W | R82: 1 | S82: RED 2 under | T82: 109
A83: M2022-03 | B83: cyder-cup-2022 | C83: 2022 | D83: Session 2a | E83: Scramble | F83: Partners | G83: Sunstone Golf Club | H83: red-sean | I83: Sean Bromley | J83: red | K83: red-sam | L83: Sam Griffiths | M83: navy-eric | N83: Eric Bleim | O83: navy-george | P83: George Collister | Q83: W | R83: 1 | S83: RED 2 under | T83: 110
A84: M2022-03 | B84: cyder-cup-2022 | C84: 2022 | D84: Session 2a | E84: Scramble | F84: Partners | G84: Sunstone Golf Club | H84: navy-eric | I84: Eric Bleim | J84: navy | K84: navy-george | L84: George Collister | M84: red-sam | N84: Sam Griffiths | O84: red-sean | P84: Sean Bromley | Q84: L | R84: 0 | S84: RED 2 under | T84: 111
A85: M2022-03 | B85: cyder-cup-2022 | C85: 2022 | D85: Session 2a | E85: Scramble | F85: Partners | G85: Sunstone Golf Club | H85: navy-george | I85: George Collister | J85: navy | K85: navy-eric | L85: Eric Bleim | M85: red-sam | N85: Sam Griffiths | O85: red-sean | P85: Sean Bromley | Q85: L | R85: 0 | S85: RED 2 under | T85: 112
... A89: M2022-04 | B89: cyder-cup-2022 | C89: 2022 | D89: Session 2b | E89: Scramble | F89: Partners | G89: Sunstone Golf Club | H89: navy-jj | I89: JJ Meakings | J89: navy | K89: navy-steven | L89: steven Wells | M89: red-kevin | N89: Kevin Catliff | O89: red-dylan | P89: Dylan Bradley | Q89: W | R89: 1 | S89: NAVY 3 under | T89: 116
A90: M2022-05 | B90: cyder-cup-2022 | C90: 2022 | D90: Session 3 | E90: Singles | F90: Individual | G90: Nicklaus North Golf Club | H90: red-kevin | I90: Kevin Catliff | J90: red | M90: navy-jj | N90: JJ Meakings | Q90: T | R90: 1 | S90: A/S | T90: 123
A91: M2022-05 | B91: cyder-cup-2022 | C91: 2022 | D91: Session 3 | E91: Singles | F91: Individual | G91: Nicklaus North Golf Club | H91: navy-jj | I91: JJ Meakings | J91: navy | M91: red-kevin | N91: Kevin Catliff | Q91: T | R91: 1 | S91: A/S | T91: 124
A92: M2022-06 | B92: cyder-cup-2022 | C92: 2022 | D92: Session 3 | E92: Singles | F92: Individual | G92: Nicklaus North Golf Club | H92: red-dylan | I92: Dylan Bradley | J92: red | M92: navy-george | N92: George Collister | Q92: L | R92: 0 | S92: NAVY 2UP | T92: 117
A93: M2022-06 | B93: cyder-cup-2022 | C93: 2022 | D93: Session 3 | E93: Singles | F93: Individual | G93: Nicklaus North Golf Club | H93: navy-george | I93: George Collister | J93: navy | M93: red-dylan | N93: Dylan Bradley | Q93: W | R93: 2 | S93: NAVY 2UP | T93: 118
A94: M2022-07 | B94: cyder-cup-2022 | C94: 2022 | D94: Session 3 | E94: Singles | F94: Individual | G94: Nicklaus North Golf Club | H94: red-sean | I94: Sean Bromley | J94: red | M94: navy-steven | N94: steven Wells | Q94: L | R94: 0 | S94: NAVY 3&2 | T94: 119
A95: M2022-07 | B95: cyder-cup-2022 | C95: 2022 | D95: Session 3 | E95: Singles | F95: Individual | G95: Nicklaus North Golf Club | H95: navy-steven | I95: steven Wells | J95: navy | M95: red-sean | N95: Sean Bromley | Q95: W | R95: 2 | S95: NAVY 3&2 | T95: 120
A96: M2022-08 | B96: cyder-cup-2022 | C96: 2022 | D96: Session 3 | E96: Singles | F96: Individual | G96: Nicklaus North Golf Club | H96: red-sam | I96: Sam Griffiths | J96: red | M96: navy-eric | N96: Eric Bleim | Q96: W | R96: 2 | S96: RED 4&2 | T96: 121
A97: M2022-08 | B97: cyder-cup-2022 | C97: 2022 | D97: Session 3 | E97: Singles | F97: Individual | G97: Nicklaus North Golf Club | H97: navy-eric | I97: Eric Bleim | J97: navy | M97: red-sam | N97: Sam Griffiths | Q97: L | R97: 0 | S97: RED 4&2 | T97: 122
A98: M2025-01 | B98: cyder-cup-2025 | C98: 2025 | D98: Session 1a | E98: Fourball | F98: Partners | G98: Big Sky Golf Club | H98: red-sam | I98: Sam Griffiths | J98: red | K98: red-dylan | L98: Dylan Bradley | M98: navy-jj | N98: JJ Meakings | O98: navy-george | P98: George Collister | Q98: W | R98: 1 | S98: RED 5&4 | T98: 125
A99: M2025-01 | B99: cyder-cup-2025 | C99: 2025 | D99: Session 1a | E99: Fourball | F99: Partners | G99: Big Sky Golf Club | H99: red-dylan | I99: Dylan Bradley | J99: red | K99: red-sam | L99: Sam Griffiths | M99: navy-jj | N99: JJ Meakings | O99: navy-george | P99: George Collister | Q99: W | R99: 1 | S99: RED 5&4 | T99: 126
A100: M2025-01 | B100: cyder-cup-2025 | C100: 2025 | D100: Session 1a | E100: Fourball | F100: Partners | G100: Big Sky Golf Club | H100: navy-jj | I100: JJ Meakings | J100: navy | K100: navy-george | L100: George Collister | M100: red-sam | N100: Sam Griffiths | O100: red-dylan | P100: Dylan Bradley | Q100: L | R100: 0 | S100: RED 5&4 | T100: 127
A101: M2025-01 | B101: cyder-cup-2025 | C101: 2025 | D101: Session 1a | E101: Fourball | F101: Partners | G101: Big Sky Golf Club | H101: navy-george | I101: George Collister | J101: navy | K101: navy-jj | L101: JJ Meakings | M101: red-sam | N101: Sam Griffiths | O101: red-dylan | P101: Dylan Bradley | Q101: L | R101: 0 | S101: RED 5&4 | T101: 128
A102: M2025-02 | B102: cyder-cup-2025 | C102: 2025 | D102: Session 1b | E102: Fourball | F102: Partners | G102: Big Sky Golf Club | H102: red-kevin | I102: Kevin Catliff | J102: red | K102: red-sean | L102: Sean Bromley | M102: navy-eric | N102: Eric Bleim | O102: navy-steven | P102: steven Wells | Q102: L | R102: 0 | S102: NAVY 4&3 | T102: 129
A103: M2025-02 | B103: cyder-cup-2025 | C103: 2025 | D103: Session 1b | E103: Fourball | F103: Partners | G103: Big Sky Golf Club | H103: red-sean | I103: Sean Bromley | J103: red | K103: red-kevin | L103: Kevin Catliff | M103: navy-eric | N103: Eric Bleim | O103: navy-steven | P103: steven Wells | Q103: L | R103: 0 | S103: NAVY 4&3 | T103: 130
A104: M2025-02 | B104: cyder-cup-2025 | C104: 2025 | D104: Session 1b | E104: Fourball | F104: Partners | G104: Big Sky Golf Club | H104: navy-eric | I104: Eric Bleim | J104: navy | K104: navy-steven | L104: steven Wells | M104: red-kevin | N104: Kevin Catliff | O104: red-sean | P104: Sean Bromley | Q104: W | R104: 1 | S104: NAVY 4&3 | T104: 131
A105: M2025-02 | B105: cyder-cup-2025 | C105: 2025 | D105: Session 1b | E105: Fourball | F105: Partners | G105: Big Sky Golf Club | H105: navy-steven | I105: steven Wells | J105: navy | K105: navy-eric | L105: Eric Bleim | M105: red-kevin | N105: Kevin Catliff | O105: red-sean | P105: Sean Bromley | Q105: W | R105: 1 | S105: NAVY 4&3 | T105: 132
A106: M2025-03 | B106: cyder-cup-2025 | C106: 2025 | D106: Session 2 | E106: 4-man Scramble | F106: Team Vs. Team 4-man Scramble | G106: Fairmont Chateau | H106: red-sam | I106: Sam Griffiths | J106: red | M106: all-navy | N106: Team Navy | Q106: L | R106: 0 | S106: NAVY 15 under
A107: M2025-03 | B107: cyder-cup-2025 | C107: 2025 | D107: Session 2 | E107: 4-man Scramble | F107: Team Vs. Team 4-man Scramble | G107: Fairmont Chateau | H107: red-kevin | I107: Kevin Catliff | J107: red | M107: all-navy | N107: Team Navy | Q107: L | R107: 0 | S107: NAVY 15 under
A108: M2025-03 | B108: cyder-cup-2025 | C108: 2025 | D108: Session 2 | E108: 4-man Scramble | F108: Team Vs. Team 4-man Scramble | G108: Fairmont Chateau | H108: red-sean | I108: Sean Bromley | J108: red | M108: all-navy | N108: Team Navy | Q108: L | R108: 0 | S108: NAVY 15 under
A109: M2025-03 | B109: cyder-cup-2025 | C109: 2025 | D109: Session 2 | E109: 4-man Scramble | F109: Team Vs. Team 4-man Scramble | G109: Fairmont Chateau | H109: red-dylan | I109: Dylan Bradley | J109: red | M109: all-navy | N109: Team Navy | Q109: L | R109: 0 | S109: NAVY 15 under
A110: M2025-03 | B110: cyder-cup-2025 | C110: 2025 | D110: Session 2 | E110: 4-man Scramble | F110: Team Vs. Team 4-man Scramble | G110: Fairmont Chateau | H110: navy-jj | I110: JJ Meakings | J110: navy | M110: all-red | N110: Team Red | Q110: W | R110: 1 | S110: NAVY 15 under
A111: M2025-03 | B111: cyder-cup-2025 | C111: 2025 | D111: Session 2 | E111: 4-man Scramble | F111: Team Vs. Team 4-man Scramble | G111: Fairmont Chateau | H111: navy-eric | I111: Eric Bleim | J111: navy | M111: all-red | N111: Team Red | Q111: W | R111: 1 | S111: NAVY 15 under
A112: M2025-03 | B112: cyder-cup-2025 | C112: 2025 | D112: Session 2 | E112: 4-man Scramble | F112: Team Vs. Team 4-man Scramble | G112: Fairmont Chateau | H112: navy-george | I112: George Collister | J112: navy | M112: all-red | N112: Team Red | Q112: W | R112: 1 | S112: NAVY 15 under | T112: 133
...

Sheet Feed - Page Media
A1: Feed - Page Media
A2: Assign page_id, section_id, display_order and priority as needed. File paths are based on the supplied year folders and exact filenames.
A4: media_id | B4: year | C4: sequence | D4: file_name | E4: file_path | F4: subjects | G4: activity | H4: file_type | I4: file_size_kb | J4: page_id | K4: section_id | L4: display_order | M4: scope_id | N4: featured | O4: priority | P4: alt_text | Q4: caption | R4: active | S4: object_position | T4: notes
A5: photo-2019-001 | B5: 2019 | C5: 1 | D5: 2019_001__george__drinking.JPG | E5: /history/2019/2019_001__george__drinking.JPG | F5: george | G5: drinking | H5: JPG | I5: 928.6 | R5: FALSE | S5: center
A6: photo-2019-002 | B6: 2019 | C6: 2 | D6: 2019_002__kevin_golfing.JPG | E6: /history/2019/2019_002__kevin_golfing.JPG | F6: kevin, golfing | H6: JPG | I6: 702.3 | J6: player-profile | K6: gallery | L6: 5 | M6: red-kevin | R6: TRUE | S6: center
A7: photo-2019-003 | B7: 2019 | C7: 3 | D7: 2019_003__steve_eric_george_jj_sean_kevin_dylan_sam__group_picture.JPG | E7: /history/2019/2019_003__steve_eric_george_jj_sean_kevin_dylan_sam__group_picture.JPG | F7: steve, eric, george, jj, sean, kevin, dylan, sam | G7: group picture | H7: JPG | I7: 1095.8 | J7: player-profile | K7: gallery | L7: 10 | M7: red-dylan | R7: TRUE | S7: center
A8: photo-2019-004 | B8: 2019 | C8: 4 | D8: 2019_004__teamnavy_teamred__lunch.jpg | E8: /history/2019/2019_004__teamnavy_teamred__lunch.jpg | F8: teamnavy, teamred | G8: lunch | H8: JPG | I8: 866 | R8: FALSE | S8: center
A9: photo-2019-005 | B9: 2019 | C9: 5 | D9: 2019_005__george__drinking.JPG | E9: /history/2019/2019_005__george__drinking.JPG | F9: george | G9: drinking | H9: JPG | I9: 1028.3 | J9: player-profile | K9: gallery | L9: 11 | M9: navy-george | R9: TRUE | S9: center
A10: photo-2019-006 | B10: 2019 | C10: 6 | D10: 2019_006__eric__practicing.JPG | E10: /history/2019/2019_006__eric__practicing.JPG | F10: eric | G10: practicing | H10: JPG | I10: 943.7 | J10: player-profile | K10: gallery | L10: 1 | M10: navy-eric | R10: TRUE | S10: center
A11: photo-2019-007 | B11: 2019 | C11: 7 | D11: 2019_007__dylan__practicing.JPG | E11: /history/2019/2019_007__dylan__practicing.JPG | F11: dylan | G11: practicing | H11: JPG | I11: 1227.3 | J11: player-profile | K11: gallery | L11: 8 | M11: red-dylan | R11: TRUE | S11: center
A12: photo-2019-008 | B12: 2019 | C12: 8 | D12: 2019_008__geroge__golfing.jpg | E12: /history/2019/2019_008__geroge__golfing.jpg | F12: george | G12: golfing | H12: JPG | I12: 1208.2 | J12: player-profile | K12: gallery | L12: 10 | M12: navy-george | R12: TRUE | S12: center | T12: Filename contains 'geroge'; confirm whether it should be 'george'.
A13: photo-2019-009 | B13: 2019 | C13: 9 | D13: 2019_009__steve_jj_eric_george__practicing.JPG | E13: /history/2019/2019_009__steve_jj_eric_george__practicing.JPG | F13: steve, jj, eric, george | G13: practicing | H13: JPG | I13: 176.5 | R13: FALSE | S13: center
A14: photo-2019-010 | B14: 2019 | C14: 10 | D14: 2019_010__steve_jj_eric_george__group_photo.JPG | E14: /history/2019/2019_010__steve_jj_eric_george__group_photo.JPG | F14: steve, jj, eric, george | G14: group photo | H14: JPG | I14: 111.9 | R14: FALSE | S14: center
A15: photo-2019-011 | B15: 2019 | C15: 11 | D15: 2019_011__dylan_sam_kevin_sean__group_photo.JPG | E15: /history/2019/2019_011__dylan_sam_kevin_sean__group_photo.JPG | F15: dylan, sam, kevin, sean | G15: group photo | H15: JPG | I15: 127.4 | J15: player-profile | K15: gallery | L15: 11 | M15: red-dylan | R15: TRUE | S15: center
A16: photo-2019-012 | B16: 2019 | C16: 12 | D16: 2019_012__jj__golfing.JPG | E16: /history/2019/2019_012__jj__golfing.JPG | F16: jj | G16: golfing | H16: JPG | I16: 228.9 | J16: player-profile | K16: gallery | L16: 8 | M16: navy-jj | R16: TRUE | S16: center
A17: photo-2019-013 | B17: 2019 | C17: 13 | D17: 2019_013__jj__golfing.JPG | E17: /history/2019/2019_013__jj__golfing.JPG | F17: jj | G17: golfing | H17: JPG | I17: 118.5 | R17: FALSE | S17: center
A18: photo-2019-014 | B18: 2019 | C18: 14 | D18: 2019_014__eric__practicing.JPG | E18: /history/2019/2019_014__eric__practicing.JPG | F18: eric | G18: practicing | H18: JPG | I18: 845.1 | R18: FALSE | S18: center
A19: photo-2019-015 | B19: 2019 | C19: 15 | D19: 2019_015__steve__practicing.JPG | E19: /history/2019/2019_015__steve__practicing.JPG | F19: steve | G19: practicing | H19: JPG | I19: 846.8 | R19: FALSE | S19: center
A20: photo-2019-016 | B20: 2019 | C20: 16 | D20: 2019_016__sean__golfing.JPG | E20: /history/2019/2019_016__sean__golfing.JPG | F20: sean | G20: golfing | H20: JPG | I20: 1262.8 | J20: player-profile | K20: gallery | L20: 8 | M20: red-sean | R20: TRUE | S20: center
A21: photo-2019-017 | B21: 2019 | C21: 17 | D21: 2019_017__jj__drinking.JPG | E21: /history/2019/2019_017__jj__drinking.JPG | F21: jj | G21: drinking | H21: JPG | I21: 887.8 | R21: FALSE | S21: center
A22: photo-2019-018 | B22: 2019 | C22: 18 | D22: 2019_018__steve__golfing.JPG | E22: /history/2019/2019_018__steve__golfing.JPG | F22: steve | G22: golfing | H22: JPG | I22: 885.8 | J22: player-profile | K22: gallery | L22: 9 | M22: navy-steven | R22: TRUE | S22: center
A23: photo-2019-019 | B23: 2019 | C23: 19 | D23: 2019_019__sean__golfing.JPG | E23: /history/2019/2019_019__sean__golfing.JPG | F23: sean | G23: golfing | H23: JPG | I23: 1194.9 | J23: player-profile | K23: gallery | L23: 9 | M23: red-sean | R23: TRUE | S23: center
A24: photo-2019-020 | B24: 2019 | C24: 20 | D24: 2019_020__kevin__drinking.JPG | E24: /history/2019/2019_020__kevin__drinking.JPG | F24: kevin | G24: drinking | H24: JPG | I24: 1020.2 | R24: FALSE | S24: center
A25: photo-2019-021 | B25: 2019 | C25: 21 | D25: 2019_021__eric__golfing.jpg | E25: /history/2019/2019_021__eric__golfing.jpg | F25: eric | G25: golfing | H25: JPG | I25: 355.1 | J25: player-profile | K25: gallery | L25: 11 | M25: navy-eric | R25: TRUE | S25: center
A26: photo-2019-022 | B26: 2019 | C26: 22 | D26: 2019_022__kevin__golfing.jpg | E26: /history/2019/2019_022__kevin__golfing.jpg | F26: kevin | G26: golfing | H26: JPG | I26: 269.9 | J26: player-profile | K26: gallery | L26: 6 | M26: red-kevin | R26: TRUE | S26: center
A27: photo-2019-023 | B27: 2019 | C27: 23 | D27: 2019_023__jj__golfing.jpg | E27: /history/2019/2019_023__jj__golfing.jpg | F27: jj | G27: golfing | H27: JPG | I27: 242.6 | R27: FALSE | S27: center
A28: photo-2019-024 | B28: 2019 | C28: 24 | D28: 2019_024__sam__golfing.jpg | E28: /history/2019/2019_024__sam__golfing.jpg | F28: sam | G28: golfing | H28: JPG | I28: 446.7 | J28: player-profile | K28: gallery | L28: 7 | M28: red-sam | R28: TRUE | S28: center
A29: photo-2019-025 | B29: 2019 | C29: 25 | D29: 2019_025__sean__golfing.jpg | E29: /history/2019/2019_025__sean__golfing.jpg | F29: sean | G29: golfing | H29: JPG | I29: 398.2 | J29: player-profile | K29: gallery | L29: 10 | M29: red-sean | R29: TRUE | S29: center
A30: photo-2019-026 | B30: 2019 | C30: 26 | D30: 2019_026__sean__golfing.jpg | E30: /history/2019/2019_026__sean__golfing.jpg | F30: sean | G30: golfing | H30: JPG | I30: 379 | J30: player-profile | K30: gallery | L30: 11 | M30: red-sean | R30: TRUE | S30: center
A31: photo-2019-027 | B31: 2019 | C31: 27 | D31: 2019_027__steve__golfing.jpg | E31: /history/2019/2019_027__steve__golfing.jpg | F31: steve | G31: golfing | H31: JPG | I31: 610.6 | R31: FALSE | S31: center
A32: photo-2019-028 | B32: 2019 | C32: 28 | D32: 2019_028__sam__golfing.PNG | E32: /history/2019/2019_028__sam__golfing.PNG | F32: sam | G32: golfing | H32: PNG | I32: 10977.6 | J32: player-profile | K32: gallery | L32: 10 | M32: red-sam | R32: TRUE | S32: center
A33: photo-2019-029 | B33: 2019 | C33: 29 | D33: 2019_029__JJ__golfing.jpeg | E33: /history/2019/2019_029__JJ__golfing.jpeg | F33: JJ | G33: golfing | H33: JPEG | I33: 2874 | R33: FALSE | S33: center
A34: photo-2019-030 | B34: 2019 | C34: 30 | D34: 2019_030__tobiano__scenic.JPG | E34: /history/2019/2019_030__tobiano__scenic.JPG | F34: tobiano | G34: scenic | H34: JPG | I34: 4251.4 | R34: FALSE | S34: center
A35: photo-2019-031 | B35: 2019 | C35: 31 | D35: 2019_031__george_kevin__celebrating.jpg | E35: /history/2019/2019_031__george_kevin__celebrating.jpg | F35: george, kevin | G35: celebrating | H35: JPG | I35: 167.9 | J35: player-profile | K35: gallery | L35: 7 | M35: red-kevin | R35: TRUE | S35: center
A36: photo-2019-032 | B36: 2019 | C36: 32 | D36: 2019_032__sam_steve_kevin_sean__partying.JPG | E36: /history/2019/2019_032__sam_steve_kevin_sean__partying.JPG | F36: sam, steve, kevin, sean | G36: partying | H36: JPG | I36: 2933.8 | J36: player-profile | K36: gallery | L36: 8 | M36: red-kevin | R36: TRUE | S36: center
A37: photo-2021-001 | B37: 2021 | C37: 1 | D37: 2021_001__sean__golfing.JPG | E37: /history/2021/2021_001__sean__golfing.JPG | F37: sean | G37: golfing | H37: JPG | I37: 1455.7 | R37: FALSE | S37: center
A38: photo-2021-002 | B38: 2021 | C38: 2 | D38: 2021_002__eric_steve_george_jj__team_picture_golfing.jpg | E38: /history/2021/2021_002__eric_steve_george_jj__team_picture_golfing.jpg | F38: eric, steve, george, jj | G38: team picture golfing | H38: JPG | I38: 1562.7 | R38: FALSE | S38: center
A39: photo-2021-003 | B39: 2021 | C39: 3 | D39: 2021_003__george_jj__team_picture_golfing.JPG | E39: /history/2021/2021_003__george_jj__team_picture_golfing.JPG | F39: george, jj | G39: team picture golfing | H39: JPG | I39: 1434.3 | J39: player-profile | K39: gallery | L39: 7 | M39: navy-jj | R39: TRUE | S39: center
A40: photo-2021-004 | B40: 2021 | C40: 4 | D40: 2021_004__eric__golfing.JPG | E40: /history/2021/2021_004__eric__golfing.JPG | F40: eric | G40: golfing | H40: JPG | I40: 1393.8 | J40: player-profile | K40: gallery | L40: 8 | M40: navy-eric | R40: TRUE | S40: center
A41: photo-2021-005 | B41: 2021 | C41: 5 | D41: 2021_005__george__golfing.JPG | E41: /history/2021/2021_005__george__golfing.JPG | F41: george | G41: golfing | H41: JPG | I41: 1883.6 | J41: player-profile | K41: gallery | L41: 9 | M41: navy-george | R41: TRUE | S41: center
A42: photo-2021-006 | B42: 2021 | C42: 6 | D42: 2021_006__steve__golfing.JPG | E42: /history/2021/2021_006__steve__golfing.JPG | F42: steve | G42: golfing | H42: JPG | I42: 2097.2 | R42: FALSE | S42: center
A43: photo-2021-007 | B43: 2021 | C43: 7 | D43: 2021_007__steve__golfing.JPG | E43: /history/2021/2021_007__steve__golfing.JPG | F43: steve | G43: golfing | H43: JPG | I43: 1272.7 | J43: player-profile | K43: gallery | L43: 8 | M43: navy-steven | R43: TRUE | S43: center
A44: photo-2021-008 | B44: 2021 | C44: 8 | D44: 2021_008__sean_kevin_sam__hottub.JPG | E44: /history/2021/2021_008__sean_kevin_sam__hottub.JPG | F44: sean, kevin, sam | G44: hottub | H44: JPG | I44: 778.2 | J44: player-profile | K44: gallery | L44: 8 | M44: red-sam | R44: TRUE | S44: center
A45: photo-2021-009 | B45: 2021 | C45: 9 | D45: 2021_009__eric_steve_george_sean_kevin_sam__dinner.JPG | E45: /history/2021/2021_009__eric_steve_george_sean_kevin_sam__dinner.JPG | F45: eric, steve, george, sean, kevin, sam | G45: dinner | H45: JPG | I45: 772.4 | J45: player-profile | K45: gallery | L45: 9 | M45: red-kevin | R45: TRUE | S45: center
A46: photo-2021-010 | B46: 2021 | C46: 10 | D46: 2021_010__jj_eric__golfing.JPG | E46: /history/2021/2021_010__jj_eric__golfing.JPG | F46: jj, eric | G46: golfing | H46: JPG | I46: 954.3 | J46: player-profile | K46: gallery | L46: 9 | M46: navy-eric | R46: TRUE | S46: center
A47: photo-2021-011 | B47: 2021 | C47: 11 | D47: 2021_011__sean_dylan_kevin_sam__hottub.JPG | E47: /history/2021/2021_011__sean_dylan_kevin_sam__hottub.JPG | F47: sean, dylan, kevin, sam | G47: hottub | H47: JPG | I47: 1188.8 | J47: player-profile | K47: gallery | L47: 10 | M47: red-kevin | R47: TRUE | S47: center
A48: photo-2021-012 | B48: 2021 | C48: 12 | D48: 2021_012__steve__golfing.JPG | E48: /history/2021/2021_012__steve__golfing.JPG | F48: steve | G48: golfing | H48: JPG | I48: 1461.1 | R48: FALSE | S48: center
A49: photo-2021-013 | B49: 2021 | C49: 13 | D49: 2021_013__jj__golfing.JPG | E49: /history/2021/2021_013__jj__golfing.JPG | F49: jj | G49: golfing | H49: JPG | I49: 977.2 | R49: FALSE | S49: center
A50: photo-2021-014 | B50: 2021 | C50: 14 | D50: 2021_014__jj__golfing.JPG | E50: /history/2021/2021_014__jj__golfing.JPG | F50: jj | G50: golfing | H50: JPG | I50: 1908.6 | R50: FALSE | S50: center
A51: photo-2021-015 | B51: 2021 | C51: 15 | D51: 2021_015__sean__golfing.JPG | E51: /history/2021/2021_015__sean__golfing.JPG | F51: sean | G51: golfing | H51: JPG | I51: 1951.8 | R51: FALSE | S51: center
A52: photo-2021-016 | B52: 2021 | C52: 16 | D52: 2021_016__dylan_sam__golfing.JPG | E52: /history/2021/2021_016__dylan_sam__golfing.JPG | F52: dylan, sam | G52: golfing | H52: JPG | I52: 704.9 | J52: player-profile | K52: gallery | L52: 9 | M52: red-sam | R52: TRUE | S52: center
A53: photo-2021-017 | B53: 2021 | C53: 17 | D53: 2021_017__dylan_sam__golfing.JPG | E53: /history/2021/2021_017__dylan_sam__golfing.JPG | F53: dylan, sam | G53: golfing | H53: JPG | I53: 1194.7 | J53: player-profile | K53: gallery | L53: 9 | M53: red-dylan | R53: TRUE | S53: center
A54: photo-2021-018 | B54: 2021 | C54: 18 | D54: 2021_018__eric__golfing.JPG | E54: /history/2021/2021_018__eric__golfing.JPG | F54: eric | G54: golfing | H54: JPG | I54: 2070.2 | J54: player-profile | K54: gallery | L54: 10 | M54: navy-eric | R54: TRUE | S54: center
A55: photo-2021-019 | B55: 2021 | C55: 19 | D55: 2021_019__sean__golfing.JPG | E55: /history/2021/2021_019__sean__golfing.JPG | F55: sean | G55: golfing | H55: JPG | I55: 1358.5 | R55: FALSE | S55: center
A56: photo-2021-020 | B56: 2021 | C56: 20 | D56: 2021_020__george__golfing.JPG | E56: /history/2021/2021_020__george__golfing.JPG | F56: george | G56: golfing | H56: JPG | I56: 1932.5 | R56: FALSE | S56: center
A57: photo-2021-021 | B57: 2021 | C57: 21 | D57: 2021_021__steve__golfing.JPG | E57: /history/2021/2021_021__steve__golfing.JPG | F57: steve | G57: golfing | H57: JPG | I57: 1525.7 | R57: FALSE | S57: center
A58: photo-2021-022 | B58: 2021 | C58: 22 | D58: 2021_022__steve_george_dylan_kevin__golfing.JPG | E58: /history/2021/2021_022__steve_george_dylan_kevin__golfing.JPG | F58: steve, george, dylan, kevin | G58: golfing | H58: JPG | I58: 931.5 | J58: player-profile | K58: gallery | L58: 7 | M58: navy-steven | R58: TRUE | S58: center
A59: photo-2021-023 | B59: 2021 | C59: 23 | D59: 2021_023__kevin_dylan__shotgun.JPG | E59: /history/2021/2021_023__kevin_dylan__shotgun.JPG | F59: kevin, dylan | G59: shotgun | H59: JPG | I59: 1331.2 | J59: player-profile | K59: gallery | L59: 11 | M59: red-kevin | R59: TRUE | S59: center
A60: photo-2021-024 | B60: 2021 | C60: 24 | D60: 2021_024__george_jj__practicing.jpeg | E60: /history/2021/2021_024__george_jj__practicing.jpeg | F60: george, jj | G60: practicing | H60: JPEG | I60: 2595.5 | J60: player-profile | K60: gallery | L60: 8 | M60: navy-george | R60: TRUE | S60: center
A61: photo-2021-025 | B61: 2021 | C61: 25 | D61: 2021_025__kevin_sam_sean_dylan__team_picture_golfing.jpeg | E61: /history/2021/2021_025__kevin_sam_sean_dylan__team_picture_golfing.jpeg | F61: kevin, sam, sean, dylan | G61: team picture golfing | H61: JPEG | I61: 2820.7 | J61: player-profile | K61: gallery | L61: 6 | M61: red-dylan | R61: TRUE | S61: center
A62: photo-2021-026 | B62: 2021 | C62: 26 | D62: 2021_026__steve_eric_sam_sean_george__practicing.JPG | E62: /history/2021/2021_026__steve_eric_sam_sean_george__practicing.JPG | F62: steve, eric, sam, sean, george | G62: practicing | H62: JPG | I62: 3575.6 | J62: player-profile | K62: gallery | L62: 6 | M62: navy-eric | R62: TRUE | S62: center
A63: photo-2021-027 | B63: 2021 | C63: 27 | D63: 2021_027__george__golfing.JPG | E63: /history/2021/2021_027__george__golfing.JPG | F63: george | G63: golfing | H63: JPG | I63: 3010 | J63: player-profile | K63: gallery | L63: 1 | M63: navy-george | R63: TRUE | S63: center
A64: photo-2021-028 | B64: 2021 | C64: 28 | D64: 2021_028__dylan__golfing.JPG | E64: /history/2021/2021_028__dylan__golfing.JPG | F64: dylan | G64: golfing | H64: JPG | I64: 5372.5 | J64: player-profile | K64: gallery | L64: 5 | M64: red-dylan | R64: TRUE | S64: center
A65: photo-2021-029 | B65: 2021 | C65: 29 | D65: 2021_029__kevin__golfing.JPG | E65: /history/2021/2021_029__kevin__golfing.JPG | F65: kevin | G65: golfing | H65: JPG | I65: 5030.4 | R65: FALSE | S65: center
A66: photo-2021-030 | B66: 2021 | C66: 30 | D66: 2021_030__george_kevin__golfing.JPG | E66: /history/2021/2021_030__george_kevin__golfing.JPG | F66: george, kevin | G66: golfing | H66: JPG | I66: 6384.5 | J66: player-profile | K66: gallery | L66: 1 | M66: red-kevin | R66: TRUE | S66: center
A67: photo-2021-031 | B67: 2021 | C67: 31 | D67: 2021_031__sean_steve_jj_sam_george__hanging.JPG | E67: /history/2021/2021_031__sean_steve_jj_sam_george__hanging.JPG | F67: sean, steve, jj, sam, george | G67: hanging | H67: JPG | I67: 4084.1 | J67: player-profile | K67: gallery | L67: 3 | M67: red-sean | R67: TRUE | S67: center
A68: photo-2021-032 | B68: 2021 | C68: 32 | D68: 2021_032__steve__peopleschamp.PNG | E68: /history/2021/2021_032__steve__peopleschamp.PNG | F68: steve | G68: peopleschamp | H68: PNG | I68: 10124.7 | J68: player-profile | K68: gallery | L68: 6 | M68: navy-steven | R68: TRUE | S68: center
A69: photo-2021-033 | B69: 2021 | C69: 33 | D69: 2021_033__steve_jj__celebrating.PNG | E69: /history/2021/2021_033__steve_jj__celebrating.PNG | F69: steve, jj | G69: celebrating | H69: PNG | I69: 9986.2 | J69: player-profile | K69: gallery | L69: 5 | M69: navy-steven | R69: TRUE | S69: center
A70: photo-2021-034 | B70: 2021 | C70: 34 | D70: 2021_034__sam__golfing.PNG | E70: /history/2021/2021_034__sam__golfing.PNG | F70: sam | G70: golfing | H70: PNG | I70: 12063.9 | R70: FALSE | S70: center
A71: photo-2021-035 | B71: 2021 | C71: 35 | D71: 2021_035__jj__golfing.PNG | E71: /history/2021/2021_035__jj__golfing.PNG | F71: jj | G71: golfing | H71: PNG | I71: 6486.8 | J71: player-profile | K71: gallery | L71: 4 | M71: navy-jj | R71: TRUE | S71: center
A72: photo-2021-036 | B72: 2021 | C72: 36 | D72: 2021_036__jj__sleeping.jpg | E72: /history/2021/2021_036__jj__sleeping.jpg | F72: jj | G72: sleeping | H72: JPG | I72: 533.7 | J72: player-profile | K72: gallery | L72: 3 | M72: navy-jj | R72: TRUE | S72: center
A73: photo-2022-001 | B73: 2022 | C73: 1 | D73: 2022_001__jj_kevin__airbnb.JPG | E73: /history/2022/2022_001__jj_kevin__airbnb.JPG | F73: jj, kevin | G73: airbnb | H73: JPG | I73: 798.1 | J73: player-profile | K73: gallery | L73: 4 | M73: red-kevin | R73: TRUE | S73: center
A74: photo-2022-002 | B74: 2022 | C74: 2 | D74: 2022_002__sam_sean__golf_picture.JPG | E74: /history/2022/2022_002__sam_sean__golf_picture.JPG | F74: sam, sean | G74: golf picture | H74: JPG | I74: 852.8 | J74: player-profile | K74: gallery | L74: 2 | M74: red-sean | R74: TRUE | S74: center
A75: photo-2022-003 | B75: 2022 | C75: 3 | D75: 2022_003__eric_golf_swing.JPG | E75: /history/2022/2022_003__eric_golf_swing.JPG | F75: eric, golf, swing | H75: JPG | I75: 1160 | J75: player-profile | K75: gallery | L75: 7 | M75: navy-eric | R75: TRUE | S75: center
A76: photo-2022-004 | B76: 2022 | C76: 4 | D76: 2022_004__sean_golf_swing.JPG | E76: /history/2022/2022_004__sean_golf_swing.JPG | F76: sean, golf, swing | H76: JPG | I76: 1293.9 | J76: player-profile | K76: gallery | L76: 1 | M76: red-sean | R76: TRUE | S76: center
A77: photo-2022-005 | B77: 2022 | C77: 5 | D77: 2022_005__sam_sean_george_eric__golf_group_picture.JPG | E77: /history/2022/2022_005__sam_sean_george_eric__golf_group_picture.JPG | F77: sam, sean, george, eric | G77: golf group picture | H77: JPG | I77: 1045 | J77: player-profile | K77: gallery | L77: 4 | M77: navy-eric | R77: TRUE | S77: center
A78: photo-2022-006 | B78: 2022 | C78: 6 | D78: 2022_006__sam_jj__golf_picture.JPG | E78: /history/2022/2022_006__sam_jj__golf_picture.JPG | F78: sam, jj | G78: golf picture | H78: JPG | I78: 917.8 | R78: FALSE | S78: center
A79: photo-2022-007 | B79: 2022 | C79: 7 | D79: 2022_007__steve_dylan_george_eric_sean__fireplace.JPG | E79: /history/2022/2022_007__steve_dylan_george_eric_sean__fireplace.JPG | F79: steve, dylan, george, eric, sean | G79: fireplace | H79: JPG | I79: 454.3 | J79: player-profile | K79: gallery | L79: 4 | M79: red-dylan | R79: TRUE | S79: center | T79: Filename contains 'steve'; confirm whether it should be 'steve'.
A80: photo-2022-008 | B80: 2022 | C80: 8 | D80: 2022_008__steve__putting.JPG | E80: /history/2022/2022_008__steve__putting.JPG | F80: steve | G80: putting | H80: JPG | I80: 1213.7 | J80: player-profile | K80: gallery | L80: 1 | M80: navy-steven | R80: TRUE | S80: center
A81: photo-2022-009 | B81: 2022 | C81: 9 | D81: 2022_009__steve_sean__golfing.JPG | E81: /history/2022/2022_009__steve_sean__golfing.JPG | F81: steve, sean | G81: golfing | H81: JPG | I81: 807.5 | J81: player-profile | K81: gallery | L81: 4 | M81: navy-steven | R81: TRUE | S81: center
A82: photo-2022-010 | B82: 2022 | C82: 10 | D82: 2022_010__scenic.JPG | E82: /history/2022/2022_010__scenic.JPG | F82: scenic | H82: JPG | I82: 1313.9 | R82: FALSE | S82: center
A83: photo-2022-011 | B83: 2022 | C83: 11 | D83: 2022_011__george_sam_steve__airbnb.JPG | E83: /history/2022/2022_011__george_sam_steve__airbnb.JPG | F83: george, sam, steve | G83: airbnb | H83: JPG | I83: 834.2 | R83: FALSE | S83: center
A84: photo-2022-012 | B84: 2022 | C84: 12 | D84: 2022_012__kevin_sean__beerpong.JPG | E84: /history/2022/2022_012__kevin_sean__beerpong.JPG | F84: kevin, sean | G84: beerpong | H84: JPG | I84: 839.3 | J84: player-profile | K84: gallery | L84: 4 | M84: red-sean | R84: TRUE | S84: center
A85: photo-2022-013 | B85: 2022 | C85: 13 | D85: 2022_013__george_steve_eric_jj__group_party_picture.JPG | E85: /history/2022/2022_013__george_steve_eric_jj__group_party_picture.JPG | F85: george, steve, eric, jj | G85: group party picture | H85: JPG | I85: 943.6 | J85: player-profile | K85: gallery | L85: 5 | M85: navy-eric | R85: TRUE | S85: center
A86: photo-2022-014 | B86: 2022 | C86: 14 | D86: 2022_014__sam_kevin_dylan_sean__group_party_picture.JPG | E86: /history/2022/2022_014__sam_kevin_dylan_sean__group_party_picture.JPG | F86: sam, kevin, dylan, sean | G86: group party picture | H86: JPG | I86: 910.3 | J86: player-profile | K86: gallery | L86: 3 | M86: red-dylan | R86: TRUE | S86: center
A87: photo-2022-015 | B87: 2022 | C87: 15 | D87: 2022_015__sean_sam_kevin_dylan_george_steve_eric_jj__group_party_picture.JPG | E87: /history/2022/2022_015__sean_sam_kevin_dylan_george_steve_eric_jj__group_party_picture.JPG | F87: sean, sam, kevin, dylan, george, steve, eric, jj | G87: group party picture | H87: JPG | I87: 890.6 | J87: player-profile | K87: gallery | L87: 7 | M87: navy-george | R87: TRUE | S87: center
A88: photo-2022-016 | B88: 2022 | C88: 16 | D88: 2022_016__sean_sam_kevin_dylan_george_steve_eric_jj__group_fireplace_picture.JPG | E88: /history/2022/2022_016__sean_sam_kevin_dylan_george_steve_eric_jj__group_fireplace_picture.JPG | F88: sean, sam, kevin, dylan, george, steve, eric, jj | G88: group fireplace picture | H88: JPG | I88: 878.3 | J88: player-profile | K88: gallery | L88: 3 | M88: red-kevin | R88: TRUE | S88: center
A89: photo-2022-017 | B89: 2022 | C89: 17 | D89: 2022_017__sean_sam_kevin_dylan_george_steve_eric_jj__group_golf_picture.JPG | E89: /history/2022/2022_017__sean_sam_kevin_dylan_george_steve_eric_jj__group_golf_picture.JPG | F89: sean, sam, kevin, dylan, george, steve, eric, jj | G89: group golf picture | H89: JPG | I89: 1231.8 | J89: player-profile | K89: gallery | L89: 5 | M89: navy-jj | R89: TRUE | S89: center
A90: photo-2022-017-2 | B90: 2022 | C90: 17 | D90: 2022_017__sean_sam_kevin_dylan_george_steve_eric_jj__group_lunch_picture.JPG | E90: /history/2022/2022_017__sean_sam_kevin_dylan_george_steve_eric_jj__group_lunch_picture.JPG | F90: sean, sam, kevin, dylan, george, steve, eric, jj | G90: group lunch picture | H90: JPG | I90: 1147.7 | J90: player-profile | K90: gallery | L90: 3 | M90: navy-steven | R90: TRUE | S90: center
A91: photo-2022-018 | B91: 2022 | C91: 18 | D91: 2022_018__george_steve_eric_jj__group_golf_picture.JPG | E91: /history/2022/2022_018__george_steve_eric_jj__group_golf_picture.JPG | F91: george, steve, eric, jj | G91: group golf picture | H91: JPG | I91: 1130.8 | J91: player-profile | K91: gallery | L91: 3 | M91: navy-eric | R91: TRUE | S91: center
A92: photo-2022-019 | B92: 2022 | C92: 19 | D92: 2022_019__sam_kevin_dylan_sean__group_golf_picture.JPG | E92: /history/2022/2022_019__sam_kevin_dylan_sean__group_golf_picture.JPG | F92: sam, kevin, dylan, sean | G92: group golf picture | H92: JPG | I92: 1175.2 | J92: player-profile | K92: gallery | L92: 2 | M92: red-kevin | R92: TRUE | S92: center
A93: photo-2022-020 | B93: 2022 | C93: 20 | D93: 2022_020__sam___golf_picture.JPG | E93: /history/2022/2022_020__sam___golf_picture.JPG | F93: sam | G93: golf picture | H93: JPG | I93: 1287.5 | J93: player-profile | K93: gallery | L93: 1 | M93: red-sam | R93: TRUE | S93: center
A94: photo-2022-021 | B94: 2022 | C94: 21 | D94: 2022_021__sam___golf_picture.JPG | E94: /history/2022/2022_021__sam___golf_picture.JPG | F94: sam | G94: golf picture | H94: JPG | I94: 1280 | J94: player-profile | K94: gallery | L94: 2 | M94: red-sam | R94: TRUE | S94: center
A95: photo-2022-022 | B95: 2022 | C95: 22 | D95: 2022_022__sam_sean_eric___golf_picture.JPG | E95: /history/2022/2022_022__sam_sean_eric___golf_picture.JPG | F95: sam, sean, eric | G95: golf picture | H95: JPG | I95: 936.4 | J95: player-profile | K95: gallery | L95: 2 | M95: navy-eric | R95: TRUE | S95: center
A96: photo-2022-023 | B96: 2022 | C96: 23 | D96: 2022_023__jj_eric_george_drinking.JPG | E96: /history/2022/2022_023__jj_eric_george_drinking.JPG | F96: jj, eric, george, drinking | H96: JPG | I96: 621.1 | J96: player-profile | K96: gallery | L96: 4 | M96: navy-jj | R96: TRUE | S96: center
A97: photo-2025-001 | B97: 2025 | C97: 1 | D97: 2025_001__george__golfing.JPG | E97: /history/2025/2025_001__george__golfing.JPG | F97: george | G97: golfing | H97: JPG | I97: 1617.2 | J97: player-profile | K97: gallery | L97: 2 | M97: navy-george | R97: TRUE | S97: center
A98: photo-2025-002 | B98: 2025 | C98: 2 | D98: 2025_002__bear__wildlife.JPG | E98: /history/2025/2025_002__bear__wildlife.JPG | F98: bear | G98: wildlife | H98: JPG | I98: 1589.1 | R98: FALSE | S98: center
A99: photo-2025-003 | B99: 2025 | C99: 3 | D99: 2025_003__dylan__golfing.JPG | E99: /history/2025/2025_003__dylan__golfing.JPG | F99: dylan | G99: golfing | H99: JPG | I99: 859.6 | J99: player-profile | K99: gallery | L99: 1 | M99: red-dylan | R99: TRUE | S99: center
A100: photo-2025-004 | B100: 2025 | C100: 4 | D100: 2025_004__george__golfing.JPG | E100: /history/2025/2025_004__george__golfing.JPG | F100: george | G100: golfing | H100: JPG | I100: 1045.6 | J100: player-profile | K100: gallery | L100: 3 | M100: navy-george | R100: TRUE | S100: center
A101: photo-2025-005 | B101: 2025 | C101: 5 | D101: 2025_005__jj__golfing.JPG | E101: /history/2025/2025_005__jj__golfing.JPG | F101: jj | G101: golfing | H101: JPG | I101: 2105.5 | J101: player-profile | K101: gallery | L101: 1 | M101: navy-jj | R101: TRUE | S101: center
...

Sheet Feed - Awards
A1: award_id | B1: tournament_id | C1: year | D1: award_type | E1: award_title | F1: recipient_type | G1: player_id | H1: team_id | I1: recipient_name | J1: description | K1: display_order | L1: active
A2: EXAMPLE-DELETE | B2: cyder-cup-2026 | C2: 2026 | D2: mvp | E2: Tournament MVP | F2: player | J2: Enter award after tournament; this example row can be deleted. | K2: 10 | L2: FALSE
A3: EXAMPLE-DELETE-2 | B3: cyder-cup-2026 | C3: 2026 | D3: captain | E3: Winning Captain | F3: player | J3: Optional if already captured on tournament feed. | K3: 20 | L3: FALSE

Sheet Feed - Media
A1: media_id | B1: asset_type | C1: scope_type | D1: scope_id | E1: year | F1: file_key | G1: role | H1: caption | I1: sort_order | J1: active
A2: hero-2026 | B2: photo | C2: tournament | D2: cyder-cup-2026 | E2: 2026 | G2: hero | H2: Optional tournament hero image reference | I2: 10 | J2: FALSE
A3: home-feature | B3: photo | C3: site | D3: homepage | G3: featured | H3: Optional homepage featured image | I3: 20 | J3: FALSE
A4: profile-red-sam | B4: photo | C4: player | D4: red-sam | F4: red-sam | G4: profile | H4: Official portrait key; asset remains outside workbook | I4: 10 | J4: TRUE
A5: profile-navy-jj | B5: photo | C5: player | D5: navy-jj | F5: navy-jj | G5: profile | H5: Official portrait key; asset remains outside workbook | I5: 10 | J5: TRUE

Sheet Data Dictionary
A1: CYDER CUP • DATA DICTIONARY
A4: Sheet | B4: Field | C4: Required | D4: Manual / Calculated | E4: Definition | F4: Example
A5: Feed - Players | B5: player_id | C5: Yes | D5: Manual once | E5: Permanent player identifier used by website and joins. | F5: navy-jj
A6: Feed - Players | B6: display_name | C6: Yes | D6: Manual | E6: Public player name. | F6: JJ Meakings
A7: Feed - Tournaments | B7: tournament_id | C7: Yes | D7: Manual once | E7: Permanent tournament identifier. | F7: cyder-cup-2026
A8: Feed - Tournaments | B8: summary | C8: Yes | D8: Manual | E8: Short one-sentence tournament summary. | F8: Team Navy won...
A9: Feed - Tournaments | B9: full_write_up | C9: Recommended | D9: Manual | E9: Full multi-paragraph tournament narrative used on History. | F9: Text
A10: Feed - Tournaments | B10: hero_image_key | C10: Optional | D10: Manual | E10: Featured image filename or key; image itself stays outside Excel. | F10: 2026_041__...jpg
A11: Feed - Match History | B11: match_id | C11: Yes | D11: Assigned once | E11: Permanent ID shared by every player row in the same match. | F11: M2019-01
A12: Feed - Match History | B12: player_id | C12: Yes | D12: Manual / lookup | E12: Player participating in that match row. | F12: red-sam
A13: Feed - Match History | B13: partner_player_ids | C13: Conditional | D13: Manual / derived | E13: Pipe-delimited partner IDs for team formats. | F13: red-dylan
A14: Feed - Match History | B14: opponent_1_id | C14: Yes | D14: Derived / review | E14: First opposing player or opposing team. | F14: navy-jj
A15: Feed - Match History | B15: opponent_2_id | C15: Conditional | D15: Derived / review | E15: Second opposing player in team matches. | F15: navy-Steve
... A21: Feed - Site Config | B21: config_value | C21: Yes | D21: Manual | E21: Website-level setting value. | F21: cyder-cup-2026
